timestamp,temperature,air_pressure,humidity,dew_point,clouds,visibility,wind_speed,wind_degrees,owm_weather_id,owm_weather_main,owm_weather_description,owm_weather_icon
1745036586,22.52,1018,51,11.89,0,10000,7.2,230,800,Clear,clear sky,01n
1745037166,22.37,1018,51,11.75,0,10000,7.2,220,800,Clear,clear sky,01n
1745040186,21.94,1018,53,11.94,0,10000,5.14,220,800,Clear,clear sky,01n
1745040766,21.64,1018,53,11.66,0,10000,5.14,220,800,Clear,clear sky,01n
1745043786,21.24,1018,56,12.12,0,10000,6.2,220,800,Clear,clear sky,01n
1745044366,21.07,1018,56,11.96,0,10000,4.12,220,800,Clear,clear sky,01n
1745047386,20.8,1018,60,12.76,0,10000,4.12,230,800,Clear,clear sky,01n
1745047966,20.8,1018,60,12.76,0,10000,3.6,220,800,Clear,clear sky,01n
1745050986,20.32,1018,62,12.81,0,10000,4.63,220,800,Clear,clear sky,01n
1745051566,20.32,1018,62,12.81,0,10000,4.12,220,800,Clear,clear sky,01n
1745054586,20.15,1018,63,12.89,0,10000,4.63,220,800,Clear,clear sky,01n
1745055166,19.73,1018,61,12.0,0,10000,4.63,230,800,Clear,clear sky,01n
1745058186,20.14,1018,66,13.59,0,10000,2.06,180,800,Clear,clear sky,01n
1745058766,20.12,1019,66,13.58,0,10000,2.57,180,800,Clear,clear sky,01d
1745061786,19.61,1019,68,13.55,0,10000,2.6,220,800,Clear,clear sky,01d
1745062366,19.61,1019,68,13.55,0,10000,3.6,210,800,Clear,clear sky,01d
1745065386,19.97,1019,68,13.89,0,10000,4.1,220,800,Clear,clear sky,01d
1745065966,19.89,1019,68,13.82,0,10000,3.6,220,800,Clear,clear sky,01d
1745068986,20.51,1019,68,14.41,0,10000,4.12,230,800,Clear,clear sky,01d
1745069566,20.51,1020,68,14.41,0,10000,3.6,200,800,Clear,clear sky,01d
1745072586,21.22,1020,66,14.62,0,10000,4.12,220,800,Clear,clear sky,01d
1745073166,21.22,1020,67,14.85,0,10000,5.14,220,800,Clear,clear sky,01d
1745076186,21.66,1020,66,15.04,0,10000,4.63,220,800,Clear,clear sky,01d
1745076766,21.66,1020,66,15.04,0,10000,5.14,210,800,Clear,clear sky,01d
1745079786,22.22,1020,65,15.33,0,10000,4.63,210,800,Clear,clear sky,01d
1745080366,22.63,1019,67,16.2,0,10000,3.09,190,800,Clear,clear sky,01d
1745083386,23.0,1019,62,15.33,0,10000,4.63,210,800,Clear,clear sky,01d
1745083966,23.55,1019,63,16.1,0,10000,3.6,190,800,Clear,clear sky,01d
1745086986,25.34,1019,56,15.94,0,10000,4.12,210,800,Clear,clear sky,01d
1745087566,26.03,1019,55,16.29,0,10000,5.7,210,800,Clear,clear sky,01d
1745090586,26.46,1019,54,16.41,0,10000,4.63,220,800,Clear,clear sky,01d
1745091166,26.52,1017,53,16.17,0,10000,4.12,220,800,Clear,clear sky,01d
1745094186,26.63,1017,54,16.56,0,10000,4.63,210,800,Clear,clear sky,01d
1745094766,26.77,1017,53,16.4,0,10000,4.63,210,800,Clear,clear sky,01d
1745097786,26.91,1017,52,16.23,0,10000,3.6,200,800,Clear,clear sky,01d
1745098366,27.21,1017,52,16.51,0,10000,3.6,190,800,Clear,clear sky,01d
1745101386,27.19,1017,51,16.18,0,10000,5.7,210,800,Clear,clear sky,01d
1745101966,27.02,1019,52,16.33,0,10000,5.7,210,800,Clear,clear sky,01d
1745104986,26.22,1019,54,16.18,0,10000,3.09,210,800,Clear,clear sky,01d
1745105566,25.92,1019,55,16.19,0,10000,3.1,210,800,Clear,clear sky,01d
1745108586,24.82,1019,61,16.79,0,10000,0.45,112,800,Clear,clear sky,01n
1745109166,24.67,1019,62,16.91,0,10000,0.45,112,800,Clear,clear sky,01n
1745112186,25.0,1019,61,16.96,0,10000,1.54,190,800,Clear,clear sky,01n
1745112766,25.25,1019,60,16.94,0,10000,2.06,210,800,Clear,clear sky,01n
1745115786,24.68,1019,62,16.92,0,10000,3.1,220,800,Clear,clear sky,01n
1745116366,24.2,1019,62,16.46,0,10000,3.1,220,800,Clear,clear sky,01n
1745119386,23.76,1019,67,17.27,0,10000,1.54,150,800,Clear,clear sky,01n
1745119966,23.4,1019,67,16.93,0,10000,0.89,115,800,Clear,clear sky,01n
1745122986,21.33,1019,72,16.08,0,10000,2.1,200,800,Clear,clear sky,01n
1745123566,21.36,1019,73,16.33,0,10000,0.45,191,800,Clear,clear sky,01n
1745126586,20.17,1019,79,16.41,0,10000,0.0,0,800,Clear,clear sky,01n
1745127166,18.91,1019,83,15.96,0,10000,0.0,0,800,Clear,clear sky,01n
1745130186,18.71,1019,84,15.95,0,10000,0.0,0,800,Clear,clear sky,01n
1745130766,18.73,1019,84,15.97,0,10000,0.0,0,800,Clear,clear sky,01n
1745133786,18.33,1019,86,15.95,0,10000,0.0,0,800,Clear,clear sky,01n
1745134366,17.95,1021,87,15.76,0,10000,0.0,0,800,Clear,clear sky,01n
1745137386,18.8,1021,82,15.66,0,10000,1.54,300,800,Clear,clear sky,01n
1745137966,19.02,1021,80,15.49,0,10000,2.06,310,800,Clear,clear sky,01n
1745140986,21.03,1021,71,15.57,0,10000,2.6,320,800,Clear,clear sky,01n
1745141566,20.96,1021,70,15.29,0,10000,3.6,300,800,Clear,clear sky,01n
1745144586,21.22,1021,71,15.76,100,-1,1.34,105,804,Clouds,overcast clouds,04d
1745145166,20.47,1024,70,14.82,0,10000,1.54,310,800,Clear,clear sky,01d
1745148186,19.66,1024,73,14.69,0,10000,0.0,0,800,Clear,clear sky,01d
1745148766,20.01,1024,74,15.24,0,10000,2.1,310,800,Clear,clear sky,01d
1745151786,21.1,1024,60,13.04,0,10000,5.14,320,800,Clear,clear sky,01d
1745152366,21.1,1024,60,13.04,0,10000,4.12,300,800,Clear,clear sky,01d
1745155386,21.1,1024,58,12.52,0,10000,4.12,330,800,Clear,clear sky,01d
1745155966,21.1,1025,56,11.99,0,10000,4.12,330,800,Clear,clear sky,01d
1745158986,21.1,1025,52,10.87,0,10000,4.63,310,800,Clear,clear sky,01d
1745159566,21.1,1025,52,10.87,0,10000,4.63,310,800,Clear,clear sky,01d
1745162586,21.61,1025,50,10.75,0,10000,5.14,320,800,Clear,clear sky,01d
1745163166,21.1,1025,52,10.87,0,10000,5.14,330,800,Clear,clear sky,01d
1745166186,22.1,1025,46,9.95,0,10000,4.12,340,800,Clear,clear sky,01d
1745166766,22.1,1025,46,9.95,0,10000,4.63,340,800,Clear,clear sky,01d
1745169786,22.1,1025,48,10.59,0,10000,5.14,310,800,Clear,clear sky,01d
1745170366,22.41,1025,50,11.49,0,10000,3.09,290,800,Clear,clear sky,01d
1745173386,22.38,1025,42,8.85,0,10000,4.63,290,800,Clear,clear sky,01d
1745173966,23.19,1025,44,10.28,0,10000,5.14,330,800,Clear,clear sky,01d
1745176986,23.58,1025,41,9.57,0,10000,3.1,320,800,Clear,clear sky,01d
1745177566,23.53,1024,43,10.24,0,10000,3.1,20,800,Clear,clear sky,01d
1745180586,23.27,1024,42,9.65,0,10000,3.6,40,800,Clear,clear sky,01d
1745181166,22.49,1024,40,8.23,0,10000,3.6,40,800,Clear,clear sky,01d
1745184186,21.95,1024,45,9.49,0,10000,4.12,10,800,Clear,clear sky,01d
1745184766,21.57,1024,45,9.14,0,10000,3.6,30,800,Clear,clear sky,01d
1745187786,20.47,1024,45,8.15,0,10000,3.1,90,800,Clear,clear sky,01d
1745188366,20.11,1026,40,6.1,0,10000,3.09,60,800,Clear,clear sky,01d
1745191386,19.44,1026,43,6.55,0,10000,3.1,110,800,Clear,clear sky,01d
1745191966,18.1,1026,45,5.99,0,10000,2.6,90,800,Clear,clear sky,01d
1745194986,17.5,1026,49,6.68,0,10000,2.06,90,800,Clear,clear sky,01n
1745195566,17.02,1026,48,5.94,0,10000,2.1,120,800,Clear,clear sky,01n
1745198586,15.86,1026,53,6.31,0,10000,0.0,0,800,Clear,clear sky,01n
1745199166,15.61,1025,53,6.07,0,10000,0.0,0,800,Clear,clear sky,01n
1745202186,14.79,1025,61,7.35,0,10000,0.0,0,800,Clear,clear sky,01n
1745202766,14.44,1025,61,7.02,0,10000,0.0,0,800,Clear,clear sky,01n
1745205786,13.82,1025,65,7.36,0,10000,0.0,0,800,Clear,clear sky,01n
1745206366,13.85,1025,66,7.61,40,10000,0.0,0,802,Clouds,scattered clouds,03n
1745209386,13.31,1025,71,8.17,100,10000,0.0,0,804,Clouds,overcast clouds,04n
1745209966,13.54,1025,72,8.6,100,10000,0.0,0,804,Clouds,overcast clouds,04n
1745212986,13.77,1025,76,9.62,100,10000,0.0,0,804,Clouds,overcast clouds,04n
1745213566,13.88,1025,76,9.73,100,10000,2.06,120,804,Clouds,overcast clouds,04n
1745216586,14.07,1025,73,9.31,100,10000,1.54,140,804,Clouds,overcast clouds,04n
1745217166,13.91,1025,73,9.16,100,10000,2.06,110,804,Clouds,overcast clouds,04n
1745220186,14.19,1025,71,9.01,100,10000,1.54,90,804,Clouds,overcast clouds,04n
1745220766,14.1,1024,71,8.93,100,10000,0.45,5,804,Clouds,overcast clouds,04n
1745223786,13.89,1024,68,8.09,100,10000,1.54,140,804,Clouds,overcast clouds,04n
1745224366,13.83,1024,67,7.81,100,10000,1.54,130,804,Clouds,overcast clouds,04n
1745227386,13.77,1024,65,7.31,100,10000,2.06,110,804,Clouds,overcast clouds,04n
1745227966,13.59,1024,65,7.14,100,10000,2.1,110,804,Clouds,overcast clouds,04n
1745230986,13.41,1024,67,7.41,100,10000,0.0,0,804,Clouds,overcast clouds,04d
1745231566,12.93,1024,66,6.74,100,10000,2.1,100,804,Clouds,overcast clouds,04d
1745234586,13.6,1024,64,6.93,100,10000,1.54,90,804,Clouds,overcast clouds,04d
1745235166,13.61,1024,64,6.94,100,10000,1.54,90,804,Clouds,overcast clouds,04d
1745238186,14.77,1024,58,6.6,75,10000,2.6,100,803,Clouds,broken clouds,04d
1745238766,15.03,1024,56,6.33,100,10000,3.09,130,804,Clouds,overcast clouds,04d
1745241786,16.01,1024,51,5.89,100,10000,2.06,130,804,Clouds,overcast clouds,04d
1745242366,16.23,1023,50,5.81,100,10000,2.1,130,804,Clouds,overcast clouds,04d
1745245386,15.9,1023,52,6.07,100,10000,2.68,155,804,Clouds,overcast clouds,04d
1745245966,15.93,1023,52,6.1,100,10000,2.68,155,804,Clouds,overcast clouds,04d
1745248986,16.22,1023,52,6.36,100,10000,3.1,140,804,Clouds,overcast clouds,04d
1745249566,16.34,1023,52,6.47,100,10000,3.1,120,804,Clouds,overcast clouds,04d
1745252586,17.29,1023,50,6.78,100,10000,3.09,120,804,Clouds,overcast clouds,04d
1745253166,17.64,1019,47,6.2,100,10000,3.1,120,804,Clouds,overcast clouds,04d
1745256186,19.94,1019,45,7.66,100,10000,3.1,160,804,Clouds,overcast clouds,04d
1745256766,20.92,1019,45,8.55,100,10000,5.14,140,804,Clouds,overcast clouds,04d
1745259786,21.54,1019,50,10.69,0,10000,4.63,130,800,Clear,clear sky,01d
1745260366,21.81,1019,50,10.94,0,10000,4.63,130,800,Clear,clear sky,01d
1745263386,22.53,1019,54,12.77,0,10000,4.63,150,800,Clear,clear sky,01d
1745263966,22.5,1017,55,13.02,0,10000,4.63,150,800,Clear,clear sky,01d
1745266986,21.98,1017,60,13.87,0,10000,3.6,140,800,Clear,clear sky,01d
1745267566,21.91,1017,61,14.06,0,10000,4.12,120,800,Clear,clear sky,01d
1745270586,21.56,1017,66,14.94,0,10000,4.63,120,800,Clear,clear sky,01d
1745271166,21.64,1017,69,15.71,0,10000,4.63,140,800,Clear,clear sky,01d
1745274186,21.74,1017,72,16.47,0,10000,4.63,120,800,Clear,clear sky,01d
1745274766,21.0,1016,70,15.32,0,10000,4.63,120,800,Clear,clear sky,01d
1745277786,20.37,1016,79,16.61,0,10000,3.6,140,800,Clear,clear sky,01d
1745278366,20.08,1016,81,16.72,0,10000,3.1,140,800,Clear,clear sky,01d
1745281386,19.01,1016,83,16.06,75,10000,1.54,90,803,Clouds,broken clouds,04n
1745281966,18.77,1016,84,16.01,40,10000,1.54,130,802,Clouds,scattered clouds,03n
1745284986,18.33,1016,84,15.58,100,10000,0.45,100,804,Clouds,overcast clouds,04n
1745285566,18.22,1016,84,15.47,100,10000,2.57,90,804,Clouds,overcast clouds,04n
1745288586,18.03,1016,86,15.65,0,10000,0.0,0,800,Clear,clear sky,01n
1745289166,18.01,1016,86,15.63,40,10000,0.0,0,802,Clouds,scattered clouds,03n
1745292186,17.04,1016,89,15.21,75,10000,0.45,139,803,Clouds,broken clouds,04n
1745292766,16.84,1016,89,15.02,75,10000,0.45,139,803,Clouds,broken clouds,04n
1745295786,16.52,1016,90,14.88,75,10000,0.0,0,803,Clouds,broken clouds,04n
1745296366,16.5,1015,91,15.03,40,10000,0.0,0,802,Clouds,scattered clouds,03n
1745299386,16.25,1015,91,14.78,100,10000,0.0,0,804,Clouds,overcast clouds,04n
1745299966,16.25,1015,91,14.78,100,10000,0.0,0,804,Clouds,overcast clouds,04n
1745302986,16.16,1015,93,15.03,100,10000,0.0,0,804,Clouds,overcast clouds,04n
1745303566,16.16,1015,93,15.03,100,10000,0.0,0,804,Clouds,overcast clouds,04n
1745306586,15.95,1015,92,14.65,100,10000,0.0,0,804,Clouds,overcast clouds,04n
1745307166,16.24,1015,91,14.77,100,10000,0.0,0,804,Clouds,overcast clouds,04n
1745310186,16.16,1015,93,15.03,40,10000,0.0,0,802,Clouds,scattered clouds,03n
1745310766,16.16,1015,93,15.03,0,10000,0.0,0,800,Clear,clear sky,01n
1745313786,15.25,1015,93,14.13,0,8047,0.0,0,701,Mist,mist,50n
1745314366,15.14,1015,94,14.18,0,10000,0.0,0,701,Mist,mist,50n
1745317386,14.59,1015,94,13.64,100,2414,0.0,0,701,Mist,mist,50d
1745317966,14.71,1017,96,14.08,0,10000,0.0,0,701,Mist,mist,50d
1745320986,15.35,1017,97,14.88,0,10000,0.0,0,800,Clear,clear sky,01d
1745321566,15.91,1017,96,15.27,0,10000,0.0,0,800,Clear,clear sky,01d
1745324586,16.99,1017,93,15.85,0,10000,0.0,0,800,Clear,clear sky,01d
1745325166,19.23,1017,86,16.83,0,10000,0.45,304,800,Clear,clear sky,01d
1745328186,20.86,1017,74,16.06,0,10000,2.06,340,800,Clear,clear sky,01d
1745328766,21.26,1017,73,16.23,0,10000,3.1,300,800,Clear,clear sky,01d
1745331786,23.16,1017,62,15.48,0,10000,3.6,310,800,Clear,clear sky,01d
1745332366,23.61,1017,60,15.4,0,10000,4.12,280,800,Clear,clear sky,01d
1745335386,24.37,1017,57,15.31,0,10000,3.1,280,800,Clear,clear sky,01d
1745335966,24.58,1017,57,15.5,40,10000,4.12,280,802,Clouds,scattered clouds,03d
1745338986,25.12,1017,50,13.97,0,10000,5.7,290,800,Clear,clear sky,01d
1745339566,25.11,1017,48,13.34,0,10000,4.12,260,800,Clear,clear sky,01d
1745342586,25.35,1017,45,12.57,0,10000,5.14,280,800,Clear,clear sky,01d
1745343166,25.48,1017,43,12.0,0,10000,5.14,350,800,Clear,clear sky,01d
1745346186,26.1,1017,32,8.13,0,10000,5.66,280,800,Clear,clear sky,01d
1745346766,26.1,1017,29,6.69,0,10000,5.7,280,800,Clear,clear sky,01d
1745349786,26.1,1017,31,7.67,0,10000,4.63,290,800,Clear,clear sky,01d
1745350366,26.1,1015,31,7.67,0,10000,4.63,270,800,Clear,clear sky,01d
1745353386,25.14,1015,36,9.03,0,10000,4.63,290,800,Clear,clear sky,01d
1745353966,25.12,1015,38,9.82,0,10000,4.63,280,800,Clear,clear sky,01d
1745356986,25.1,1015,36,9.0,0,10000,3.1,290,800,Clear,clear sky,01d
1745357566,25.1,1015,33,7.71,0,10000,4.12,330,800,Clear,clear sky,01d
1745360586,23.59,1015,38,8.46,0,10000,4.63,340,800,Clear,clear sky,01d
1745361166,23.1,1017,38,8.02,0,10000,3.09,330,800,Clear,clear sky,01d
1745364186,21.13,1017,42,7.73,0,10000,3.09,340,800,Clear,clear sky,01d
1745364766,21.1,1017,40,6.99,0,10000,3.1,310,800,Clear,clear sky,01d
1745367786,20.11,1017,42,6.81,0,10000,2.06,350,800,Clear,clear sky,01n
1745368366,20.1,1017,42,6.8,0,10000,1.54,340,800,Clear,clear sky,01n
1745371386,19.65,1017,54,10.1,0,10000,0.0,0,800,Clear,clear sky,01n
1745371966,19.2,1019,55,9.95,0,10000,0.0,0,800,Clear,clear sky,01n
1745374986,18.09,1019,57,9.45,0,10000,3.6,340,800,Clear,clear sky,01n
1745375566,17.88,1019,58,9.51,100,-1,2.5,349,804,Clouds,overcast clouds,04n
1745378586,17.12,1019,60,9.3,40,10000,0.0,0,802,Clouds,scattered clouds,03n
1745379166,16.69,1019,61,9.14,40,10000,0.0,0,802,Clouds,scattered clouds,03n
1745382186,15.03,1019,68,9.18,40,10000,0.0,0,802,Clouds,scattered clouds,03n
1745382766,14.63,1019,69,9.01,40,10000,0.0,0,802,Clouds,scattered clouds,03n
1745385786,13.44,1019,73,8.7,0,10000,0.0,0,800,Clear,clear sky,01n
1745386366,13.44,1019,74,8.9,0,10000,0.0,0,800,Clear,clear sky,01n
1745389386,12.71,1019,74,8.2,40,10000,0.0,0,802,Clouds,scattered clouds,03n
1745389966,12.61,1019,74,8.1,40,10000,0.0,0,802,Clouds,scattered clouds,03n
1745392986,12.0,1019,78,8.29,0,10000,0.0,0,800,Clear,clear sky,01n
1745393566,11.72,1021,77,7.83,0,10000,0.0,0,800,Clear,clear sky,01n
1745396586,11.4,1021,79,7.89,0,10000,0.0,0,800,Clear,clear sky,01n
1745397166,10.66,1021,80,7.36,0,10000,0.45,301,800,Clear,clear sky,01n
1745400186,10.32,1021,82,7.39,0,10000,0.0,0,800,Clear,clear sky,01n
1745400766,10.18,1021,82,7.25,0,10000,0.0,0,800,Clear,clear sky,01n
1745403786,9.67,1021,84,7.1,0,10000,0.0,0,800,Clear,clear sky,01d
1745404366,9.29,1023,84,6.73,0,10000,0.0,0,800,Clear,clear sky,01d
1745407386,10.04,1023,83,7.29,0,10000,0.0,0,800,Clear,clear sky,01d
1745407966,12.01,1023,79,8.49,0,10000,0.0,0,800,Clear,clear sky,01d
1745410986,15.87,1023,55,6.85,0,10000,3.6,30,800,Clear,clear sky,01d
1745411566,16.21,1023,53,6.63,0,10000,3.6,30,800,Clear,clear sky,01d
1745414586,17.54,1023,46,5.8,0,10000,4.12,20,800,Clear,clear sky,01d
1745415166,17.79,1024,45,5.71,0,10000,2.57,50,800,Clear,clear sky,01d
1745418186,18.83,1024,43,6.0,0,10000,1.54,30,800,Clear,clear sky,01d
1745418766,18.88,1024,40,5.0,0,10000,3.6,90,800,Clear,clear sky,01d
1745421786,19.72,1024,37,4.64,0,10000,3.1,110,800,Clear,clear sky,01d
1745422366,19.98,1024,36,4.47,0,10000,2.06,10,800,Clear,clear sky,01d
1745425386,20.82,1024,33,3.97,0,10000,1.54,290,800,Clear,clear sky,01d
1745425966,20.74,1024,34,4.33,0,10000,2.06,140,800,Clear,clear sky,01d
1745428986,22.25,1024,30,3.86,0,10000,2.06,140,800,Clear,clear sky,01d
1745429566,22.77,1024,31,4.78,0,10000,3.09,60,800,Clear,clear sky,01d
1745432586,23.26,1024,27,3.24,0,10000,3.09,110,800,Clear,clear sky,01d
1745433166,23.28,1024,26,2.72,0,10000,1.54,110,800,Clear,clear sky,01d
1745436186,23.92,1024,25,2.71,0,10000,1.54,360,721,Haze,haze,50d
1745436766,23.77,1023,25,2.59,0,10000,1.54,360,800,Clear,clear sky,01d
1745439786,24.35,1023,24,2.5,0,10000,2.6,110,800,Clear,clear sky,01d
1745440366,24.31,1023,24,2.47,0,10000,3.6,90,800,Clear,clear sky,01d
1745443386,24.32,1023,26,3.61,0,10000,2.6,110,800,Clear,clear sky,01d
1745443966,23.78,1023,25,2.6,0,10000,2.1,90,800,Clear,clear sky,01d
1745446986,23.16,1023,32,5.58,0,10000,1.54,130,800,Clear,clear sky,01d
1745447566,22.11,1023,26,1.73,0,10000,3.6,110,800,Clear,clear sky,01d
1745450586,21.23,1023,37,5.97,0,10000,2.6,130,800,Clear,clear sky,01d
1745451166,20.1,1023,34,3.77,0,10000,3.6,120,800,Clear,clear sky,01d
1745454186,17.63,1023,51,7.38,0,10000,1.54,140,800,Clear,clear sky,01n
1745454766,16.13,1023,56,7.36,0,10000,0.0,0,800,Clear,clear sky,01n
1745457786,16.16,1023,58,7.9,0,10000,0.0,0,800,Clear,clear sky,01n
1745458366,15.79,1024,60,8.05,0,10000,0.0,0,800,Clear,clear sky,01n
1745461386,14.51,1024,67,8.46,0,10000,0.0,0,800,Clear,clear sky,01n
1745461966,14.41,1024,68,8.59,0,10000,0.45,145,800,Clear,clear sky,01n
1745464986,14.02,1024,73,9.26,0,10000,0.0,0,800,Clear,clear sky,01n
1745465566,13.95,1024,74,9.4,0,10000,0.0,0,800,Clear,clear sky,01n
1745468586,13.2,1024,77,9.26,48,-1,2.32,158,802,Clouds,scattered clouds,03n
1745469166,12.87,1024,78,9.13,0,10000,0.0,0,800,Clear,clear sky,01n
1745472186,11.95,1024,82,8.98,0,10000,0.0,0,800,Clear,clear sky,01n
1745472766,11.76,1024,83,8.97,0,10000,0.0,0,800,Clear,clear sky,01n
1745475786,11.02,1024,86,8.77,0,10000,0.0,0,800,Clear,clear sky,01n
1745476366,11.03,1024,86,8.78,0,10000,0.0,0,800,Clear,clear sky,01n
1745479386,10.7,1024,86,8.46,0,10000,0.0,0,800,Clear,clear sky,01n
1745479966,10.17,1025,88,8.27,0,10000,0.0,0,800,Clear,clear sky,01n
1745482986,9.62,1025,90,8.06,0,10000,0.0,0,800,Clear,clear sky,01n
1745483566,9.56,1025,90,8.0,0,10000,0.0,0,800,Clear,clear sky,01n
1745486586,9.55,1025,89,7.83,0,10000,0.0,0,800,Clear,clear sky,01n
1745487166,9.42,1025,90,7.86,0,10000,0.0,0,800,Clear,clear sky,01n
1745490186,8.99,1025,91,7.6,0,10000,0.0,0,800,Clear,clear sky,01d
1745490766,7.56,1026,96,6.96,0,10000,0.0,0,800,Clear,clear sky,01d
1745493786,9.59,1026,93,8.52,0,10000,0.0,0,800,Clear,clear sky,01d
1745494366,9.21,1026,91,7.82,0,10000,0.0,0,800,Clear,clear sky,01d
1745497386,14.57,1026,77,10.59,0,10000,0.0,0,800,Clear,clear sky,01d
1745497966,15.11,1026,75,10.72,0,10000,0.0,0,800,Clear,clear sky,01d
1745500986,17.22,1026,67,11.04,0,10000,0.45,155,800,Clear,clear sky,01d
1745501566,17.82,1026,64,10.93,0,10000,0.45,322,800,Clear,clear sky,01d
1745504586,21.08,1026,53,11.14,0,10000,3.09,170,800,Clear,clear sky,01d
1745505166,21.54,1026,51,10.99,0,10000,2.57,230,800,Clear,clear sky,01d
1745508186,23.35,1026,39,8.63,0,10000,4.6,230,800,Clear,clear sky,01d
1745508766,23.53,1026,38,8.4,0,10000,3.6,230,800,Clear,clear sky,01d
1745511786,24.0,1026,36,8.03,0,10000,2.6,150,800,Clear,clear sky,01d
1745512366,24.71,1025,36,8.65,0,10000,3.09,220,800,Clear,clear sky,01d
1745515386,25.35,1025,31,7.02,0,10000,3.09,190,800,Clear,clear sky,01d
1745515966,25.47,1025,30,6.64,0,10000,4.12,120,800,Clear,clear sky,01d
1745518986,26.16,1025,29,6.75,0,10000,4.12,170,800,Clear,clear sky,01d
1745519566,26.14,1025,30,7.22,0,10000,3.6,150,800,Clear,clear sky,01d
1745522586,25.78,1025,33,8.31,0,10000,3.09,130,800,Clear,clear sky,01d
1745523166,25.61,1024,33,8.16,0,10000,4.63,150,800,Clear,clear sky,01d
1745526186,24.75,1024,35,8.27,0,10000,3.6,140,800,Clear,clear sky,01d
1745526766,24.57,1024,35,8.11,0,10000,6.2,130,800,Clear,clear sky,01d
1745529786,24.23,1024,35,7.81,0,10000,4.63,130,800,Clear,clear sky,01d
1745530366,23.1,1024,31,5.07,0,10000,4.63,130,800,Clear,clear sky,01d
1745533386,23.48,1024,34,6.73,0,10000,2.57,140,800,Clear,clear sky,01d
1745533966,22.1,1024,28,2.76,0,10000,4.63,140,800,Clear,clear sky,01d
1745536986,21.35,1024,29,2.61,0,10000,3.6,140,800,Clear,clear sky,01d
1745537566,21.1,1024,28,1.9,0,10000,3.6,140,800,Clear,clear sky,01d
1745540586,18.16,1024,36,2.86,0,10000,3.1,130,800,Clear,clear sky,01n
1745541166,17.61,1024,37,2.76,0,10000,2.6,140,800,Clear,clear sky,01n
1745544186,17.98,1024,39,3.84,0,10000,0.0,0,800,Clear,clear sky,01n
1745544766,17.44,1025,41,4.06,0,10000,1.54,140,800,Clear,clear sky,01n
1745547786,16.18,1025,54,6.87,44,-1,0.45,178,802,Clouds,scattered clouds,03n
1745548366,15.91,1025,52,6.08,0,10000,0.0,0,800,Clear,clear sky,01n
1745551386,14.83,1025,63,7.86,0,10000,0.0,0,800,Clear,clear sky,01n
1745551966,14.67,1025,64,7.94,0,10000,0.0,0,800,Clear,clear sky,01n
1745554986,13.69,1025,71,8.53,0,10000,0.0,0,800,Clear,clear sky,01n
1745555566,13.67,1024,72,8.72,0,10000,0.0,0,800,Clear,clear sky,01n
1745558586,12.44,1024,79,8.9,0,10000,0.0,0,800,Clear,clear sky,01n
1745559166,12.38,1024,80,9.03,0,10000,0.0,0,800,Clear,clear sky,01n
1745562186,11.3,1024,84,8.7,0,10000,0.0,0,800,Clear,clear sky,01n
1745562766,11.23,1024,84,8.63,0,10000,0.0,0,800,Clear,clear sky,01n
1745565786,10.48,1024,88,8.58,0,10000,0.0,0,800,Clear,clear sky,01n
1745566366,10.4,1024,89,8.67,0,10000,0.0,0,800,Clear,clear sky,01n
1745569386,9.98,1024,91,8.58,0,10000,0.0,0,800,Clear,clear sky,01n
1745569966,9.75,1024,91,8.35,0,10000,0.0,0,800,Clear,clear sky,01n
1745572986,9.43,1024,92,8.2,0,10000,0.0,0,800,Clear,clear sky,01n
1745573566,9.43,1024,92,8.2,0,10000,0.0,0,800,Clear,clear sky,01n
1745576586,9.09,1024,93,8.02,0,10000,0.0,0,800,Clear,clear sky,01d
1745577166,9.29,1024,91,7.9,0,10000,0.0,0,800,Clear,clear sky,01d
1745580186,9.98,1024,94,9.06,75,10000,0.0,0,803,Clouds,broken clouds,04d
1745580766,9.6,1024,91,8.2,75,10000,0.0,0,803,Clouds,broken clouds,04d
1745583786,14.92,1024,86,12.6,40,10000,0.45,332,802,Clouds,scattered clouds,03d
1745584366,15.7,1024,84,13.01,40,10000,1.54,160,802,Clouds,scattered clouds,03d
1745587386,17.62,1024,77,13.54,0,10000,2.06,220,800,Clear,clear sky,01d
1745587966,18.29,1023,75,13.79,0,10000,2.06,140,800,Clear,clear sky,01d
1745590986,20.46,1023,69,14.58,0,10000,2.6,180,800,Clear,clear sky,01d
1745591566,21.1,1023,68,14.97,0,10000,4.12,220,800,Clear,clear sky,01d
1745594586,22.63,1023,66,15.96,40,10000,3.6,180,802,Clouds,scattered clouds,03d
1745595166,23.09,1023,66,16.4,40,10000,4.12,190,802,Clouds,scattered clouds,03d
1745598186,23.7,1023,65,16.74,40,10000,4.12,230,802,Clouds,scattered clouds,03d
1745598766,24.6,1020,62,16.84,75,10000,2.6,170,803,Clouds,broken clouds,04d
1745601786,25.27,1020,60,16.95,75,10000,2.6,200,803,Clouds,broken clouds,04d
1745602366,25.06,1020,60,16.76,75,10000,2.6,160,803,Clouds,broken clouds,04d
1745605386,24.58,1020,61,16.57,75,10000,4.12,160,803,Clouds,broken clouds,04d
1745605966,24.62,1020,61,16.6,100,10000,4.12,120,804,Clouds,overcast clouds,04d
1745608986,24.07,1020,62,16.34,100,10000,4.12,180,804,Clouds,overcast clouds,04d
1745609566,23.75,1018,62,16.04,100,10000,3.6,140,500,Rain,light rain,10d
1745612586,22.94,1018,63,15.53,100,10000,4.12,170,500,Rain,light rain,10d
1745613166,23.27,1018,64,16.08,100,10000,5.66,170,500,Rain,light rain,10d
1745616186,23.78,1018,61,15.81,40,10000,4.63,150,500,Rain,light rain,10d
1745616766,23.5,1018,61,15.55,40,10000,5.14,170,500,Rain,light rain,10d
1745619786,22.76,1018,58,14.08,100,10000,3.6,120,500,Rain,light rain,10d
1745620366,22.48,1018,57,13.55,100,10000,4.63,130,804,Clouds,overcast clouds,04d
1745623386,21.61,1018,65,14.75,75,10000,3.6,150,500,Rain,light rain,10d
1745623966,21.61,1018,67,15.22,75,10000,3.6,150,500,Rain,light rain,10d
1745626986,20.53,1018,73,15.53,100,10000,2.57,160,500,Rain,light rain,10n
1745627566,20.51,1018,74,15.72,100,10000,2.06,150,804,Clouds,overcast clouds,04n
1745630586,19.73,1018,78,15.79,40,10000,2.6,150,802,Clouds,scattered clouds,03n
1745631166,19.4,1017,77,15.27,40,10000,2.1,150,802,Clouds,scattered clouds,03n
1745634186,18.78,1017,80,15.26,40,10000,2.57,150,802,Clouds,scattered clouds,03n
1745634766,18.79,1017,80,15.27,75,10000,2.6,150,803,Clouds,broken clouds,04n
1745637786,19.25,1017,79,15.52,75,10000,2.57,170,803,Clouds,broken clouds,04n
1745638366,19.09,1017,80,15.56,75,10000,2.1,160,803,Clouds,broken clouds,04n
1745641386,19.1,1017,82,15.96,100,10000,1.34,108,804,Clouds,overcast clouds,04n
1745641966,19.14,1014,82,16.0,100,10000,2.06,270,500,Rain,light rain,10n
1745644986,18.34,1014,89,16.5,100,6437,1.54,130,502,Rain,heavy intensity rain,10n
1745645566,18.34,1014,90,16.67,100,2012,1.54,130,502,Rain,heavy intensity rain,10n
1745648586,17.84,1014,94,16.86,100,10000,1.54,160,501,Rain,moderate rain,10n
1745649166,18.02,1014,94,17.04,100,10000,1.54,160,501,Rain,moderate rain,10n
1745652186,18.1,1014,95,17.29,100,10000,1.54,170,500,Rain,light rain,10n
1745652766,18.1,1013,95,17.29,100,10000,2.57,180,500,Rain,light rain,10n
1745655786,18.47,1013,95,17.65,100,10000,2.06,180,500,Rain,light rain,10n
1745656366,18.47,1013,95,17.65,100,10000,2.06,190,500,Rain,light rain,10n
1745659386,18.66,1013,95,17.84,100,10000,2.06,190,804,Clouds,overcast clouds,04n
1745659966,18.66,1013,95,17.84,100,10000,2.06,190,804,Clouds,overcast clouds,04n
1745662986,18.66,1013,95,17.84,40,10000,2.06,180,802,Clouds,scattered clouds,03d
1745663566,18.66,1013,95,17.84,40,10000,2.06,200,802,Clouds,scattered clouds,03d
1745666586,19.08,1013,94,18.09,100,10000,2.06,200,804,Clouds,overcast clouds,04d
1745667166,19.08,1013,94,18.09,100,10000,2.06,210,804,Clouds,overcast clouds,04d
1745670186,19.33,1013,94,18.34,100,6437,4.12,230,500,Rain,light rain,10d
1745670766,19.33,1013,94,18.34,100,6437,4.12,240,500,Rain,light rain,10d
1745673786,20.0,1013,93,18.83,100,10000,2.06,210,500,Rain,light rain,10d
1745674366,19.98,1012,93,18.81,100,8047,3.1,230,500,Rain,light rain,10d
1745677386,20.61,1012,90,18.91,100,10000,4.12,230,500,Rain,light rain,10d
1745677966,20.78,1012,91,19.26,100,10000,3.1,230,500,Rain,light rain,10d
1745680986,20.83,1012,87,18.59,100,4828,3.1,220,500,Rain,light rain,10d
1745681566,20.81,1012,88,18.75,100,6437,3.09,200,500,Rain,light rain,10d
1745684586,20.54,1012,90,18.84,100,10000,5.1,230,500,Rain,light rain,10d
1745685166,20.68,1011,90,18.98,100,10000,4.12,220,500,Rain,light rain,10d
1745688186,21.41,1011,87,19.16,100,10000,5.14,210,500,Rain,light rain,10d
1745688766,21.57,1011,88,19.5,100,10000,5.7,210,500,Rain,light rain,10d
1745691786,23.51,1011,78,19.45,75,10000,5.7,230,500,Rain,light rain,10d
1745692366,24.02,1011,77,19.74,75,10000,3.1,210,500,Rain,light rain,10d
1745695386,22.37,1011,80,18.75,100,1207,4.12,320,501,Rain,moderate rain,10d
1745695966,22.49,1011,79,18.67,100,10000,2.57,220,501,Rain,moderate rain,10d
1745698986,21.52,1011,87,19.27,75,10000,1.54,160,501,Rain,moderate rain,10d
1745699566,21.82,1011,85,19.19,75,10000,1.54,200,501,Rain,moderate rain,10d
1745702586,22.02,1011,87,19.76,100,10000,0.45,191,500,Rain,light rain,10d
1745703166,21.78,1011,87,19.52,100,10000,3.1,290,500,Rain,light rain,10d
1745706186,21.11,1011,65,14.28,40,10000,7.72,310,500,Rain,light rain,10d
1745706766,20.1,1015,59,11.85,40,10000,5.14,300,802,Clouds,scattered clouds,03d
1745709786,19.06,1015,61,11.37,0,10000,7.2,320,800,Clear,clear sky,01d
1745710366,16.1,1015,67,9.98,0,10000,7.2,330,800,Clear,clear sky,01d
1745713386,16.03,1015,63,9.0,0,10000,6.7,300,500,Rain,light rain,10n
1745713966,14.45,1015,63,7.5,0,10000,7.2,300,800,Clear,clear sky,01n
1745716986,13.89,1015,64,7.2,0,10000,5.14,290,800,Clear,clear sky,01n
1745717566,12.84,1019,63,5.98,0,10000,6.7,290,800,Clear,clear sky,01n
1745720586,12.85,1019,60,5.28,0,10000,5.36,115,800,Clear,clear sky,01n
1745721166,12.0,1019,59,4.24,0,10000,6.17,300,800,Clear,clear sky,01n
1745724186,11.73,1019,63,4.93,0,10000,6.69,320,800,Clear,clear sky,01n
1745724766,11.5,1019,62,4.48,0,10000,6.17,320,800,Clear,clear sky,01n
1745727786,11.44,1019,62,4.42,0,10000,4.12,310,800,Clear,clear sky,01n
1745728366,10.8,1019,60,3.35,0,10000,6.2,310,800,Clear,clear sky,01n
1745731386,10.67,1019,62,3.7,0,10000,5.66,300,800,Clear,clear sky,01n
1745731966,10.61,1019,63,3.87,0,10000,4.12,290,800,Clear,clear sky,01n
1745734986,10.02,1019,61,2.85,0,10000,4.12,310,800,Clear,clear sky,01n
1745735566,10.0,1019,61,2.83,0,10000,4.63,300,800,Clear,clear sky,01n
1745738586,9.7,1019,62,2.78,0,10000,5.7,300,800,Clear,clear sky,01n
1745739166,9.77,1021,63,3.07,0,10000,5.14,320,800,Clear,clear sky,01n
1745742186,9.59,1021,63,2.9,0,10000,6.69,300,800,Clear,clear sky,01n
1745742766,9.64,1021,61,2.49,0,10000,5.14,310,800,Clear,clear sky,01n
1745745786,9.22,1021,62,2.33,0,10000,4.63,290,800,Clear,clear sky,01n
1745746366,9.43,1021,62,2.52,0,10000,4.12,270,800,Clear,clear sky,01n
1745749386,9.11,1021,62,2.22,0,10000,6.7,310,800,Clear,clear sky,01d
1745749966,9.24,1022,62,2.34,0,10000,6.17,300,800,Clear,clear sky,01d
1745752986,9.65,1022,62,2.73,0,10000,7.2,300,800,Clear,clear sky,01d
1745753566,10.03,1022,61,2.86,0,10000,8.8,300,800,Clear,clear sky,01d
1745756586,10.7,1022,58,2.78,0,10000,5.14,310,800,Clear,clear sky,01d
1745757166,11.28,1022,58,3.33,0,10000,7.2,300,800,Clear,clear sky,01d
1745760186,12.34,1022,52,2.77,0,10000,8.23,300,800,Clear,clear sky,01d
1745760766,12.66,1022,51,2.8,0,10000,9.8,290,800,Clear,clear sky,01d
1745763786,14.03,1022,47,2.9,0,10000,7.2,290,800,Clear,clear sky,01d
1745764366,14.01,1022,46,2.58,0,10000,8.75,310,800,Clear,clear sky,01d
1745767386,15.22,1022,43,2.73,0,10000,8.23,300,800,Clear,clear sky,01d
1745767966,15.48,1022,43,2.97,0,10000,7.72,290,800,Clear,clear sky,01d
1745770986,16.67,1022,39,2.67,0,10000,9.26,320,800,Clear,clear sky,01d
1745771566,16.99,1021,39,2.95,0,10000,6.7,290,800,Clear,clear sky,01d
1745774586,18.21,1021,35,2.51,0,10000,9.26,280,800,Clear,clear sky,01d
1745775166,18.42,1021,35,2.7,0,10000,9.3,280,800,Clear,clear sky,01d
1745778186,19.19,1021,34,2.97,0,10000,7.2,300,800,Clear,clear sky,01d
1745778766,19.23,1021,32,2.15,0,10000,6.69,290,800,Clear,clear sky,01d
1745781786,20.13,1021,30,2.03,0,10000,6.71,122,800,Clear,clear sky,01d
1745782366,20.12,1020,30,2.02,0,10000,6.7,290,800,Clear,clear sky,01d
1745785386,20.62,1020,30,2.45,0,10000,6.17,290,800,Clear,clear sky,01d
1745785966,20.58,1020,30,2.42,0,10000,7.2,310,800,Clear,clear sky,01d
1745788986,20.95,1020,29,2.26,0,10000,7.72,280,800,Clear,clear sky,01d
1745789566,20.64,1020,29,2.0,0,10000,5.66,300,800,Clear,clear sky,01d
1745792218,20.67,1020,29,2.02,0,10000,6.17,320,800,Clear,clear sky,01d
1745792586,20.68,1020,29,2.03,0,10000,6.17,320,800,Clear,clear sky,01d
1745793166,19.77,1022,28,0.76,0,10000,6.17,300,800,Clear,clear sky,01d
1745795818,19.75,1019,30,1.7,0,10000,4.12,310,800,Clear,clear sky,01d
1745796186,19.68,1022,30,1.64,0,10000,3.6,310,800,Clear,clear sky,01d
1745796766,15.87,1022,31,-1.08,0,10000,2.06,290,800,Clear,clear sky,01d
1745799418,17.72,1020,35,2.08,0,10000,2.06,270,800,Clear,clear sky,01n
1745799786,15.03,1021,48,4.12,0,10000,3.0,327,800,Clear,clear sky,01n
1745800366,13.66,1022,56,5.05,0,10000,2.58,313,800,Clear,clear sky,01n
1745803018,14.77,1021,46,3.28,0,10000,0.0,0,800,Clear,clear sky,01n
1745803386,13.66,1022,56,5.05,0,10000,2.58,313,800,Clear,clear sky,01n
1745803966,12.78,1023,62,5.69,0,10000,2.53,318,800,Clear,clear sky,01n
1745806618,12.6,1022,53,3.28,0,10000,0.0,0,800,Clear,clear sky,01n
1745806986,12.78,1023,62,5.69,0,10000,2.53,318,800,Clear,clear sky,01n
1745807566,12.28,1023,63,5.45,0,10000,2.39,327,800,Clear,clear sky,01n
1745810218,11.26,1023,58,3.31,0,10000,0.0,0,800,Clear,clear sky,01n
1745810586,12.28,1023,63,5.45,0,10000,2.39,327,800,Clear,clear sky,01n
1745811166,11.5,1024,62,4.48,0,10000,2.06,353,800,Clear,clear sky,01n
1745813818,10.0,1024,66,3.95,0,10000,1.54,130,800,Clear,clear sky,01n
1745814186,9.54,1024,66,3.51,0,10000,0.0,0,800,Clear,clear sky,01n
1745814766,9.16,1024,68,3.57,0,10000,0.0,0,800,Clear,clear sky,01n
1745817418,8.39,1024,71,3.44,0,10000,0.0,0,800,Clear,clear sky,01n
1745817786,7.77,1025,75,3.62,0,10000,0.0,0,800,Clear,clear sky,01n
1745818366,7.49,1025,76,3.54,0,10000,0.0,0,800,Clear,clear sky,01n
1745821018,4.56,1026,84,2.09,0,10000,0.0,0,800,Clear,clear sky,01n
1745821386,4.56,1026,85,2.26,0,10000,0.0,0,800,Clear,clear sky,01n
1745821966,6.25,1025,82,3.41,0,10000,0.0,0,800,Clear,clear sky,01n
1745824618,3.55,1026,90,2.07,0,10000,0.0,0,800,Clear,clear sky,01n
1745824986,3.55,1026,90,2.07,0,10000,0.0,0,800,Clear,clear sky,01n
1745825566,3.52,1026,91,2.19,0,10000,0.0,0,800,Clear,clear sky,01n
1745828218,3.47,1027,93,2.45,0,10000,0.0,0,800,Clear,clear sky,01n
1745828586,3.19,1027,91,1.87,0,10000,0.0,0,800,Clear,clear sky,01n
1745829166,3.44,1027,88,1.64,0,10000,0.0,0,800,Clear,clear sky,01n
1745831818,2.23,1027,97,1.8,0,10000,0.0,0,800,Clear,clear sky,01n
1745832186,2.23,1027,97,1.8,0,10000,0.0,0,800,Clear,clear sky,01n
1745832766,2.1,1027,100,2.1,0,10000,0.0,0,800,Clear,clear sky,01n
1745835418,2.1,1028,93,1.09,0,10000,0.0,0,800,Clear,clear sky,01d
1745835786,2.1,1028,93,1.09,0,10000,0.0,0,800,Clear,clear sky,01d
1745836366,2.1,1028,100,2.1,0,10000,0.0,0,800,Clear,clear sky,01d
1745839018,3.51,1028,94,2.64,0,10000,0.0,0,800,Clear,clear sky,01d
1745839386,6.06,1028,88,4.23,0,10000,0.0,0,800,Clear,clear sky,01d
1745839966,4.83,1028,85,2.53,0,10000,0.0,0,800,Clear,clear sky,01d
1745842618,12.24,1028,63,5.41,0,10000,0.0,0,800,Clear,clear sky,01d
1745842986,12.51,1028,62,5.44,0,10000,0.0,0,800,Clear,clear sky,01d
1745843566,14.19,1028,56,5.55,0,10000,0.0,0,800,Clear,clear sky,01d
1745846218,16.86,1028,44,4.55,0,10000,0.45,31,800,Clear,clear sky,01d
1745846586,17.06,1028,42,4.06,0,10000,0.45,10,800,Clear,clear sky,01d
1745847166,17.83,1028,39,3.7,0,10000,0.45,76,800,Clear,clear sky,01d
1745849818,19.32,1028,34,3.08,0,10000,1.54,60,800,Clear,clear sky,01d
1745850186,19.87,1028,34,3.56,0,10000,1.54,320,800,Clear,clear sky,01d
1745850766,19.72,1028,33,3.01,0,10000,3.09,90,800,Clear,clear sky,01d
1745853418,20.34,1028,30,2.21,0,10000,2.06,170,800,Clear,clear sky,01d
1745853786,20.5,1029,29,1.87,0,10000,2.57,230,800,Clear,clear sky,01d
1745854366,20.74,1028,29,2.08,0,10000,1.54,150,800,Clear,clear sky,01d
1745857018,21.37,1028,29,2.62,0,10000,2.57,110,800,Clear,clear sky,01d
1745857386,21.47,1028,29,2.71,0,10000,2.57,140,800,Clear,clear sky,01d
1745857966,21.88,1028,28,2.57,0,10000,1.54,60,800,Clear,clear sky,01d
1745860618,22.37,1027,27,2.48,0,10000,3.09,120,800,Clear,clear sky,01d
1745860986,22.47,1027,28,3.08,0,10000,2.06,200,800,Clear,clear sky,01d
1745861566,22.83,1027,28,3.38,0,10000,3.09,200,800,Clear,clear sky,01d
1745864218,23.23,1027,27,3.21,0,10000,3.09,160,800,Clear,clear sky,01d
1745864586,23.32,1027,27,3.29,0,10000,2.06,180,800,Clear,clear sky,01d
1745865166,23.09,1027,27,3.09,0,10000,3.09,230,800,Clear,clear sky,01d
1745867818,23.05,1026,28,3.57,0,10000,2.06,210,800,Clear,clear sky,01d
1745868186,23.07,1026,28,3.59,0,10000,6.17,130,800,Clear,clear sky,01d
1745868766,23.18,1026,29,4.18,0,10000,6.69,100,800,Clear,clear sky,01d
1745871418,23.11,1026,28,3.62,0,10000,3.09,150,800,Clear,clear sky,01d
1745871786,22.89,1026,28,3.44,0,10000,5.14,150,800,Clear,clear sky,01d
1745872366,22.97,1025,28,3.5,0,10000,5.14,140,800,Clear,clear sky,01d
1745875018,22.46,1025,29,3.56,0,10000,5.14,130,800,Clear,clear sky,01d
1745875386,22.25,1025,30,3.86,0,10000,4.12,150,800,Clear,clear sky,01d
1745875966,22.15,1025,30,3.78,0,10000,4.12,140,800,Clear,clear sky,01d
1745878618,21.45,1025,31,3.64,0,10000,4.63,140,800,Clear,clear sky,01d
1745878986,21.3,1025,32,3.96,0,10000,3.6,160,800,Clear,clear sky,01d
1745879566,20.58,1025,29,1.94,0,10000,3.09,130,800,Clear,clear sky,01d
1745882218,20.11,1025,35,4.19,0,10000,2.57,130,800,Clear,clear sky,01d
1745882586,19.82,1025,35,3.93,0,10000,2.57,170,800,Clear,clear sky,01d
1745883166,18.28,1026,30,0.43,0,10000,2.06,140,800,Clear,clear sky,01d
1745885818,17.34,1025,41,3.97,0,10000,2.06,120,800,Clear,clear sky,01n
1745886186,17.28,1025,41,3.92,0,10000,1.54,130,800,Clear,clear sky,01n
1745886766,16.36,1025,43,3.77,0,10000,0.0,0,800,Clear,clear sky,01n
1745889418,15.67,1025,47,4.4,0,10000,0.45,116,800,Clear,clear sky,01n
1745889786,15.54,1025,48,4.59,0,10000,0.89,124,800,Clear,clear sky,01n
1745890366,15.15,1025,49,4.52,0,10000,2.06,160,800,Clear,clear sky,01n
1745893018,14.83,1025,49,4.23,0,10000,1.54,170,800,Clear,clear sky,01n
1745893386,14.8,1025,49,4.2,0,10000,1.54,160,800,Clear,clear sky,01n
1745893966,14.18,1025,49,3.63,0,10000,1.54,160,800,Clear,clear sky,01n
1745896618,14.05,1025,52,4.36,0,10000,1.54,140,800,Clear,clear sky,01n
1745896986,13.83,1025,52,4.15,0,10000,0.45,174,800,Clear,clear sky,01n
1745897566,13.67,1025,53,4.28,0,10000,0.45,172,800,Clear,clear sky,01n
1745900218,12.82,1025,57,4.52,0,10000,0.0,0,800,Clear,clear sky,01n
1745900586,12.65,1025,59,4.86,0,10000,0.0,0,800,Clear,clear sky,01n
1745901166,12.54,1025,59,4.75,0,10000,0.0,0,800,Clear,clear sky,01n
1745903818,12.09,1025,61,4.81,0,10000,0.0,0,800,Clear,clear sky,01n
1745904186,11.92,1025,62,4.88,0,10000,0.0,0,800,Clear,clear sky,01n
1745904766,11.81,1025,64,5.23,0,10000,0.0,0,800,Clear,clear sky,01n
1745907418,10.79,1024,67,4.92,0,10000,0.0,0,800,Clear,clear sky,01n
1745907786,10.79,1024,67,4.92,0,10000,0.0,0,800,Clear,clear sky,01n
1745908366,10.95,1024,68,5.28,0,10000,0.0,0,800,Clear,clear sky,01n
1745911018,10.86,1024,69,5.41,0,10000,0.45,124,800,Clear,clear sky,01n
1745911386,10.61,1024,71,5.58,0,10000,0.0,0,800,Clear,clear sky,01n
1745911966,10.4,1024,72,5.58,0,10000,0.0,0,800,Clear,clear sky,01n
1745914618,10.09,1024,74,5.67,0,10000,0.0,0,800,Clear,clear sky,01n
1745914986,10.09,1024,74,5.67,0,10000,0.0,0,800,Clear,clear sky,01n
1745915566,10.09,1025,74,5.67,0,10000,0.0,0,800,Clear,clear sky,01n
1745918218,9.68,1024,76,5.66,0,10000,0.0,0,800,Clear,clear sky,01n
1745918586,9.68,1024,76,5.66,0,10000,0.0,0,800,Clear,clear sky,01n
1745919166,9.46,1024,77,5.64,0,10000,0.0,0,800,Clear,clear sky,01n
1745921818,9.66,1025,76,5.64,0,10000,0.0,0,800,Clear,clear sky,01d
1745922186,9.42,1025,77,5.6,0,10000,0.0,0,800,Clear,clear sky,01d
1745922766,10.16,1024,74,5.74,0,10000,0.0,0,800,Clear,clear sky,01d
1745925418,11.0,1024,74,6.55,0,10000,2.57,170,800,Clear,clear sky,01d
1745925786,11.36,1024,73,6.7,0,10000,2.06,170,800,Clear,clear sky,01d
1745926366,13.11,1024,68,7.34,0,10000,2.06,180,800,Clear,clear sky,01d
1745929018,14.01,1024,68,8.2,0,10000,2.57,170,800,Clear,clear sky,01d
1745929386,14.85,1024,65,8.34,0,10000,3.09,180,800,Clear,clear sky,01d
1745929966,15.46,1024,64,8.69,0,10000,4.63,210,800,Clear,clear sky,01d
1745932618,17.66,1023,60,9.81,0,10000,4.63,190,800,Clear,clear sky,01d
1745932986,18.09,1023,59,9.96,0,10000,3.6,180,800,Clear,clear sky,01d
1745933566,18.65,1023,58,10.23,0,10000,5.66,170,800,Clear,clear sky,01d
1745936218,20.19,1023,55,10.87,0,10000,4.63,210,800,Clear,clear sky,01d
1745936586,20.49,1023,54,10.87,0,10000,5.14,230,800,Clear,clear sky,01d
1745937166,21.08,1023,53,11.14,0,10000,4.12,190,800,Clear,clear sky,01d
1745939818,22.88,1022,50,11.92,0,10000,4.63,220,800,Clear,clear sky,01d
1745940186,23.06,1022,49,11.78,0,10000,4.12,230,800,Clear,clear sky,01d
1745940766,23.41,1022,48,11.79,0,10000,5.66,230,800,Clear,clear sky,01d
1745943418,24.53,1021,47,12.49,0,10000,4.12,200,800,Clear,clear sky,01d
1745943786,24.73,1021,46,12.34,0,10000,6.69,220,800,Clear,clear sky,01d
1745944366,24.82,1021,47,12.75,0,10000,5.14,230,800,Clear,clear sky,01d
1745947018,25.85,1020,45,13.02,0,10000,3.6,220,800,Clear,clear sky,01d
1745947386,26.15,1020,45,13.29,0,10000,4.63,240,800,Clear,clear sky,01d
1745947966,26.42,1020,45,13.54,0,10000,4.02,304,800,Clear,clear sky,01d
1745950618,27.36,1019,45,14.39,0,10000,5.14,230,800,Clear,clear sky,01d
1745950986,27.52,1019,45,14.53,0,10000,4.92,304,800,Clear,clear sky,01d
1745951566,27.87,1019,44,14.5,0,10000,4.12,200,800,Clear,clear sky,01d
1745954218,28.45,1017,44,15.03,0,10000,4.12,210,800,Clear,clear sky,01d
1745954586,28.49,1017,45,15.41,0,10000,4.12,200,800,Clear,clear sky,01d
1745955166,28.51,1017,44,15.08,0,10000,4.63,200,800,Clear,clear sky,01d
1745957818,28.71,1016,45,15.61,0,10000,5.14,220,800,Clear,clear sky,01d
1745958186,28.76,1016,45,15.66,0,10000,5.14,220,800,Clear,clear sky,01d
1745958766,28.74,1016,46,15.98,0,10000,5.66,170,800,Clear,clear sky,01d
1745961418,28.36,1016,47,15.97,0,10000,5.66,200,800,Clear,clear sky,01d
1745961786,28.36,1016,47,15.97,0,10000,6.17,200,800,Clear,clear sky,01d
1745962366,28.33,1016,47,15.95,0,10000,6.17,210,800,Clear,clear sky,01d
1745965018,27.94,1015,50,16.56,0,10000,4.12,200,800,Clear,clear sky,01d
1745965386,27.63,1015,51,16.59,0,10000,4.12,200,800,Clear,clear sky,01d
1745965966,27.45,1014,52,16.73,0,10000,5.66,190,800,Clear,clear sky,01d
1745968618,26.38,1015,53,16.04,0,10000,3.09,220,800,Clear,clear sky,01d
1745968986,26.39,1014,55,16.63,0,10000,3.6,200,800,Clear,clear sky,01d
1745969566,25.87,1015,55,16.15,0,10000,4.12,220,800,Clear,clear sky,01d
1745972218,25.2,1014,58,16.36,0,10000,4.12,190,800,Clear,clear sky,01n
1745972586,24.94,1014,59,16.38,0,10000,3.6,190,800,Clear,clear sky,01n
1745973166,24.77,1014,60,16.49,0,10000,4.12,180,800,Clear,clear sky,01n
1745975818,24.05,1015,62,16.32,0,10000,3.09,200,800,Clear,clear sky,01n
1745976186,24.18,1015,62,16.45,0,10000,2.57,210,800,Clear,clear sky,01n
1745976766,23.99,1015,62,16.27,0,10000,4.63,200,800,Clear,clear sky,01n
1745979418,23.68,1015,64,16.47,0,10000,3.6,220,800,Clear,clear sky,01n
1745979786,23.67,1015,64,16.46,0,10000,3.6,220,800,Clear,clear sky,01n
1745980366,23.7,1015,64,16.49,0,10000,4.63,220,800,Clear,clear sky,01n
1745983018,23.19,1014,66,16.49,0,10000,2.06,210,800,Clear,clear sky,01n
1745983386,23.18,1014,66,16.48,0,10000,3.09,200,800,Clear,clear sky,01n
1745983966,23.08,1014,66,16.39,0,10000,2.06,210,800,Clear,clear sky,01n
1745986618,22.79,1014,68,16.58,86,10000,0.89,172,804,Clouds,overcast clouds,04n
1745986986,22.79,1014,68,16.58,40,10000,1.54,190,802,Clouds,scattered clouds,03n
1745987566,22.82,1014,68,16.61,0,10000,2.06,180,800,Clear,clear sky,01n
1745990218,22.25,1014,70,16.52,0,10000,3.09,200,800,Clear,clear sky,01n
1745990586,22.25,1014,70,16.52,0,10000,2.06,200,800,Clear,clear sky,01n
1745991166,22.25,1014,70,16.52,0,10000,2.57,190,800,Clear,clear sky,01n
1745993818,21.93,1014,72,16.66,0,10000,3.13,124,800,Clear,clear sky,01n
1745994186,21.75,1014,73,16.7,0,10000,1.54,130,800,Clear,clear sky,01n
1745994766,21.43,1014,74,16.61,75,10000,0.89,123,803,Clouds,broken clouds,04n
1745997418,20.4,1015,84,17.61,100,10000,0.89,291,502,Rain,heavy intensity rain,10n
1745997786,20.22,1015,85,17.62,100,10000,0.89,103,502,Rain,heavy intensity rain,10n
1745998366,19.91,1014,87,17.68,75,10000,1.54,220,803,Clouds,broken clouds,04n
1746001018,19.53,1014,90,17.85,40,10000,1.34,314,802,Clouds,scattered clouds,03n
1746001386,19.53,1014,90,17.85,40,10000,1.34,305,802,Clouds,scattered clouds,03n
1746001966,19.31,1014,90,17.63,0,10000,0.45,304,800,Clear,clear sky,01n
1746004618,18.78,1014,92,17.45,0,3219,0.0,0,701,Mist,mist,50n
1746004986,18.58,1015,93,17.43,0,3219,0.0,0,701,Mist,mist,50n
1746005566,18.33,1014,94,17.35,0,4023,0.0,0,701,Mist,mist,50n
1746008218,18.5,1015,93,17.35,40,10000,1.54,220,802,Clouds,scattered clouds,03d
1746008586,18.66,1015,93,17.51,40,10000,0.0,0,802,Clouds,scattered clouds,03d
1746009166,18.67,1015,93,17.52,75,10000,0.45,304,803,Clouds,broken clouds,04d
1746011818,19.27,1015,91,17.76,0,10000,1.34,304,800,Clear,clear sky,01d
1746012186,19.37,1015,90,17.69,0,10000,1.54,190,800,Clear,clear sky,01d
1746012766,19.72,1016,90,18.03,0,10000,1.54,220,800,Clear,clear sky,01d
1746015418,21.25,1016,84,18.44,0,10000,3.6,280,800,Clear,clear sky,01d
1746015786,20.78,1016,86,18.35,40,10000,2.57,270,802,Clouds,scattered clouds,03d
1746016366,21.77,1016,82,18.56,40,10000,3.09,270,802,Clouds,scattered clouds,03d
1746019018,22.11,1017,78,18.1,100,10000,4.63,300,804,Clouds,overcast clouds,04d
1746019386,22.25,1017,76,17.82,75,10000,6.17,300,803,Clouds,broken clouds,04d
1746019966,22.77,1017,74,17.9,100,10000,3.09,290,804,Clouds,overcast clouds,04d
1746022618,23.33,1017,70,17.55,75,10000,3.6,290,803,Clouds,broken clouds,04d
1746022986,23.74,1017,68,17.49,75,10000,5.66,300,803,Clouds,broken clouds,04d
1746023566,24.31,1017,65,17.31,40,10000,3.6,310,802,Clouds,scattered clouds,03d
1746026218,24.72,1017,63,17.21,75,10000,5.14,300,803,Clouds,broken clouds,04d
1746026586,24.61,1017,62,16.85,75,10000,3.6,310,803,Clouds,broken clouds,04d
1746027166,24.68,1017,63,17.17,75,10000,3.6,310,803,Clouds,broken clouds,04d
1746029818,25.4,1017,59,16.81,75,10000,4.12,290,803,Clouds,broken clouds,04d
1746030186,25.78,1017,56,16.35,40,10000,4.63,280,802,Clouds,scattered clouds,03d
1746030766,25.95,1017,55,16.22,75,10000,6.17,270,803,Clouds,broken clouds,04d
1746033418,26.38,1017,52,15.74,0,10000,5.14,280,800,Clear,clear sky,01d
1746033786,26.56,1017,51,15.6,0,10000,5.14,280,800,Clear,clear sky,01d
1746034366,26.79,1017,51,15.81,0,10000,5.66,280,800,Clear,clear sky,01d
1746037018,27.12,1016,49,15.49,0,10000,4.63,300,800,Clear,clear sky,01d
1746037386,27.43,1016,48,15.45,0,10000,4.63,290,800,Clear,clear sky,01d
1746037966,27.15,1017,49,15.52,0,10000,4.12,300,800,Clear,clear sky,01d
1746040618,27.46,1016,47,15.15,40,10000,5.66,280,802,Clouds,scattered clouds,03d
1746040986,27.63,1016,47,15.31,0,10000,4.47,304,800,Clear,clear sky,01d
1746041566,27.31,1016,47,15.02,0,10000,5.14,340,800,Clear,clear sky,01d
1746044218,27.74,1016,45,14.73,0,10000,3.6,300,800,Clear,clear sky,01d
1746044586,27.43,1016,43,13.75,40,10000,4.63,340,802,Clouds,scattered clouds,03d
1746045166,27.82,1015,44,14.46,40,10000,5.66,350,802,Clouds,scattered clouds,03d
1746047818,27.53,1015,44,14.2,0,10000,3.6,330,800,Clear,clear sky,01d
1746048186,27.47,1015,43,13.79,0,10000,3.09,340,800,Clear,clear sky,01d
1746048766,27.2,1016,45,14.24,0,10000,3.6,350,800,Clear,clear sky,01d
1746051418,26.82,1016,46,14.24,0,10000,2.06,350,800,Clear,clear sky,01d
1746051786,26.51,1016,45,13.62,0,10000,2.57,320,800,Clear,clear sky,01d
1746052366,25.1,1017,44,12.0,0,10000,2.57,320,800,Clear,clear sky,01d
1746055018,24.19,1017,46,11.85,0,10000,1.54,30,800,Clear,clear sky,01d
1746055386,24.23,1017,47,12.21,0,10000,1.54,70,800,Clear,clear sky,01d
1746055966,23.1,1017,49,11.81,0,10000,1.54,70,800,Clear,clear sky,01d
1746058618,22.96,1016,58,14.26,0,10000,0.45,97,800,Clear,clear sky,01n
1746058986,22.86,1017,56,13.63,0,10000,0.89,71,800,Clear,clear sky,01n
1746059566,19.31,1018,60,11.36,0,10000,3.09,90,800,Clear,clear sky,01n
1746062218,20.77,1018,57,11.95,0,10000,2.06,90,800,Clear,clear sky,01n
1746062586,20.46,1018,57,11.66,0,10000,2.06,70,800,Clear,clear sky,01n
1746063166,19.47,1018,62,12.01,0,10000,1.54,110,800,Clear,clear sky,01n
1746065818,18.86,1018,62,11.43,0,10000,0.0,0,800,Clear,clear sky,01n
1746066186,18.14,1018,65,11.46,0,10000,0.0,0,800,Clear,clear sky,01n
1746066766,17.9,1018,66,11.47,0,10000,0.0,0,800,Clear,clear sky,01n
1746069418,17.34,1018,67,11.16,0,10000,0.0,0,800,Clear,clear sky,01n
1746069786,17.09,1018,68,11.14,0,10000,0.0,0,800,Clear,clear sky,01n
1746070366,16.74,1018,69,11.03,0,10000,0.0,0,800,Clear,clear sky,01n
1746073018,15.97,1018,72,10.93,0,10000,0.0,0,800,Clear,clear sky,01n
1746073386,15.96,1018,73,11.13,0,10000,0.0,0,800,Clear,clear sky,01n
1746073966,15.64,1018,74,11.03,0,10000,0.0,0,800,Clear,clear sky,01n
1746076618,14.97,1018,77,10.98,0,10000,0.0,0,800,Clear,clear sky,01n
1746076986,14.96,1018,77,10.97,0,10000,0.0,0,800,Clear,clear sky,01n
1746077566,14.59,1018,78,10.8,0,10000,0.0,0,800,Clear,clear sky,01n
1746080218,14.41,1018,80,11.01,0,10000,0.0,0,800,Clear,clear sky,01n
1746080586,14.34,1018,81,11.13,0,10000,1.54,350,800,Clear,clear sky,01n
1746081166,13.89,1018,81,10.69,0,10000,1.54,350,800,Clear,clear sky,01n
1746083818,13.8,1018,81,10.6,0,10000,0.0,0,800,Clear,clear sky,01n
1746084186,13.62,1018,81,10.42,0,10000,0.0,0,800,Clear,clear sky,01n
1746084766,13.65,1018,82,10.64,0,10000,0.0,0,800,Clear,clear sky,01n
1746087418,13.62,1018,83,10.79,0,10000,0.0,0,800,Clear,clear sky,01n
1746087786,13.61,1018,84,10.96,0,10000,1.54,360,800,Clear,clear sky,01n
1746088366,13.77,1018,83,10.94,0,10000,2.06,350,800,Clear,clear sky,01n
1746091018,14.31,1018,82,11.28,75,10000,2.57,60,803,Clouds,broken clouds,04n
1746091386,14.35,1018,81,11.14,100,10000,2.57,60,804,Clouds,overcast clouds,04n
1746091966,14.42,1018,81,11.2,100,10000,2.06,350,804,Clouds,overcast clouds,04n
1746094618,14.34,1018,83,11.49,100,10000,1.54,360,804,Clouds,overcast clouds,04d
1746094986,14.35,1018,83,11.5,75,10000,1.54,40,721,Haze,haze,50d
1746095566,14.19,1018,84,11.53,40,10000,1.54,350,802,Clouds,scattered clouds,03d
1746098218,15.38,1019,83,12.51,75,10000,2.06,70,803,Clouds,broken clouds,04d
1746098586,15.65,1019,82,12.59,75,10000,2.06,70,803,Clouds,broken clouds,04d
1746099166,16.39,1019,80,12.93,75,10000,2.57,80,803,Clouds,broken clouds,04d
1746101818,18.06,1019,74,13.36,0,10000,3.09,80,800,Clear,clear sky,01d
1746102186,18.41,1019,72,13.28,0,10000,4.12,60,800,Clear,clear sky,01d
1746102766,18.73,1019,68,12.71,40,10000,2.57,80,802,Clouds,scattered clouds,03d
1746105418,20.29,1019,57,11.5,75,10000,3.09,90,803,Clouds,broken clouds,04d
1746105786,20.43,1019,56,11.37,75,10000,3.09,90,803,Clouds,broken clouds,04d
1746106366,21.05,1019,54,11.39,40,10000,3.6,100,802,Clouds,scattered clouds,03d
1746109018,22.05,1019,51,11.45,0,10000,4.63,90,800,Clear,clear sky,01d
1746109386,22.32,1019,51,11.7,0,10000,3.6,70,800,Clear,clear sky,01d
1746109966,22.46,1019,51,11.83,0,10000,3.6,90,800,Clear,clear sky,01d
1746112618,23.08,1018,50,12.1,0,10000,5.14,90,800,Clear,clear sky,01d
1746112986,22.95,1019,49,11.68,0,10000,4.63,100,800,Clear,clear sky,01d
1746113566,23.1,1019,49,11.81,0,10000,4.63,100,800,Clear,clear sky,01d
1746116218,24.35,1018,52,13.87,0,10000,5.14,90,800,Clear,clear sky,01d
1746116586,24.43,1018,52,13.94,40,10000,4.63,90,802,Clouds,scattered clouds,03d
1746117166,24.7,1018,52,14.19,40,10000,3.6,70,802,Clouds,scattered clouds,03d
1746119818,25.81,1017,53,15.51,0,10000,3.6,110,800,Clear,clear sky,01d
1746120186,26.15,1017,53,15.83,0,10000,4.63,120,800,Clear,clear sky,01d
1746120766,25.89,1017,54,15.88,0,10000,5.66,120,800,Clear,clear sky,01d
1746123418,27.09,1016,57,17.84,0,10000,5.14,100,800,Clear,clear sky,01d
1746123786,26.96,1016,58,18.0,0,10000,4.63,150,800,Clear,clear sky,01d
1746124366,26.86,1016,59,18.18,0,10000,4.63,150,800,Clear,clear sky,01d
1746127018,27.49,1015,60,19.04,0,10000,4.63,130,800,Clear,clear sky,01d
1746127386,27.59,1015,60,19.13,0,10000,3.58,125,800,Clear,clear sky,01d
1746127966,27.67,1015,61,19.47,0,10000,5.14,120,800,Clear,clear sky,01d
1746130618,27.87,1014,63,20.18,40,10000,4.12,150,802,Clouds,scattered clouds,03d
1746130986,27.51,1014,63,19.84,40,10000,4.12,150,802,Clouds,scattered clouds,03d
1746131566,27.65,1014,63,19.97,0,10000,4.63,140,800,Clear,clear sky,01d
1746134218,26.73,1013,67,20.09,0,10000,3.6,140,800,Clear,clear sky,01d
1746134586,26.64,1013,68,20.25,0,10000,4.12,140,800,Clear,clear sky,01d
1746135166,26.1,1014,61,18.0,0,10000,3.6,140,800,Clear,clear sky,01d
1746136098,26.1,1014,61,18.0,0,10000,3.6,140,800,Clear,clear sky,01d
1746136997,25.61,1013,71,19.96,0,10000,4.63,140,800,Clear,clear sky,01d
1746137818,25.61,1013,71,19.96,0,10000,5.66,140,800,Clear,clear sky,01d
1746138186,25.43,1013,70,19.56,0,10000,4.63,140,800,Clear,clear sky,01d
1746138766,25.1,1014,65,18.06,0,10000,4.12,130,800,Clear,clear sky,01d
1746139698,25.1,1013,65,18.06,0,10000,3.09,140,800,Clear,clear sky,01d
1746140597,24.17,1013,68,17.89,0,10000,4.12,130,800,Clear,clear sky,01d
1746141418,23.21,1013,72,17.88,0,10000,4.12,140,800,Clear,clear sky,01d
1746141786,23.62,1012,72,18.28,0,10000,3.09,140,800,Clear,clear sky,01d
1746142366,23.1,1013,73,18.0,0,10000,3.09,140,800,Clear,clear sky,01d
1746143298,23.1,1013,73,18.0,0,10000,3.6,130,800,Clear,clear sky,01d
1746144197,23.1,1013,73,18.0,0,10000,4.12,130,800,Clear,clear sky,01n
1746145018,22.23,1013,77,18.01,0,10000,2.57,120,800,Clear,clear sky,01n
1746145386,22.36,1014,76,17.93,0,10000,3.09,140,800,Clear,clear sky,01n
1746145966,22.11,1014,78,18.1,0,10000,2.57,140,800,Clear,clear sky,01n
1746146898,22.66,1013,80,19.03,0,10000,2.57,140,800,Clear,clear sky,01n
1746147797,22.67,1012,80,19.04,0,10000,2.57,120,800,Clear,clear sky,01n
1746148618,22.66,1012,80,19.03,0,10000,3.09,130,800,Clear,clear sky,01n
1746148986,22.62,1013,80,19.0,0,10000,2.06,150,800,Clear,clear sky,01n
1746149566,22.34,1013,82,19.12,0,10000,2.06,150,800,Clear,clear sky,01n
1746150498,22.11,1013,83,19.09,0,10000,2.06,150,800,Clear,clear sky,01n
1746151397,21.96,1013,84,19.13,0,10000,2.06,130,800,Clear,clear sky,01n
1746152218,21.88,1012,85,19.24,0,10000,1.54,140,800,Clear,clear sky,01n
1746152586,21.84,1012,86,19.39,0,10000,0.45,174,800,Clear,clear sky,01n
1746153166,21.61,1012,86,19.17,0,10000,1.54,160,800,Clear,clear sky,01n
1746154098,21.69,1012,86,19.25,0,10000,1.54,140,800,Clear,clear sky,01n
1746154997,21.5,1012,87,19.25,0,10000,0.0,0,800,Clear,clear sky,01n
1746155818,21.2,1012,87,18.95,0,10000,0.0,0,800,Clear,clear sky,01n
1746156186,21.2,1012,88,19.13,0,10000,0.0,0,800,Clear,clear sky,01n
1746156766,20.71,1012,88,18.65,0,10000,0.0,0,800,Clear,clear sky,01n
1746157698,20.58,1012,89,18.7,0,10000,0.0,0,800,Clear,clear sky,01n
1746158597,20.27,1012,89,18.4,0,10000,0.0,0,800,Clear,clear sky,01n
1746159418,20.28,1012,89,18.41,0,10000,2.06,180,800,Clear,clear sky,01n
1746159786,19.78,1012,90,18.09,0,10000,0.0,0,800,Clear,clear sky,01n
1746160366,19.67,1012,90,17.98,0,10000,0.0,0,800,Clear,clear sky,01n
1746161298,19.55,1012,89,17.69,0,10000,0.0,0,800,Clear,clear sky,01n
1746162197,20.13,1011,87,17.9,100,10000,2.06,200,804,Clouds,overcast clouds,04n
1746163018,20.37,1011,85,17.77,100,10000,2.06,200,804,Clouds,overcast clouds,04n
1746163386,20.52,1011,84,17.72,100,10000,3.09,200,804,Clouds,overcast clouds,04n
1746163966,21.06,1011,81,17.67,100,10000,3.6,190,804,Clouds,overcast clouds,04n
1746164898,21.14,1011,80,17.56,100,10000,4.12,200,804,Clouds,overcast clouds,04n
1746165797,20.8,1012,81,17.42,100,10000,3.09,210,804,Clouds,overcast clouds,04n
1746166618,18.42,1012,88,16.4,100,10000,2.57,210,804,Clouds,overcast clouds,04n
1746166986,19.3,1012,82,16.15,100,10000,2.57,190,804,Clouds,overcast clouds,04n
1746167566,19.14,1012,85,16.56,100,10000,3.6,220,804,Clouds,overcast clouds,04n
1746168498,19.72,1012,83,16.75,100,10000,3.6,220,804,Clouds,overcast clouds,04n
1746169397,20.59,1011,82,17.41,100,10000,2.06,220,804,Clouds,overcast clouds,04n
1746170218,20.92,1012,81,17.54,100,10000,2.06,250,804,Clouds,overcast clouds,04n
1746170586,20.84,1012,82,17.66,100,10000,2.57,270,804,Clouds,overcast clouds,04n
1746171166,19.9,1012,87,17.67,100,10000,2.57,270,804,Clouds,overcast clouds,04n
1746172098,20.01,1012,85,17.41,40,10000,1.54,220,802,Clouds,scattered clouds,03n
1746172997,19.79,1012,85,17.2,40,10000,1.54,230,802,Clouds,scattered clouds,03n
1746173818,20.34,1011,83,17.36,0,10000,1.54,170,800,Clear,clear sky,01n
1746174186,20.25,1011,83,17.27,0,10000,1.54,180,800,Clear,clear sky,01n
1746174766,19.11,1012,88,17.08,0,10000,1.54,210,800,Clear,clear sky,01n
1746175698,19.39,1012,86,16.99,0,10000,1.54,160,800,Clear,clear sky,01n
1746176597,19.32,1012,86,16.92,0,10000,1.54,170,800,Clear,clear sky,01n
1746177418,19.17,1012,86,16.77,0,10000,0.0,0,800,Clear,clear sky,01n
1746177786,19.53,1011,86,17.13,40,10000,2.06,170,802,Clouds,scattered clouds,03n
1746178366,19.19,1011,87,16.98,40,10000,1.54,190,802,Clouds,scattered clouds,03n
1746179298,18.88,1012,88,16.85,0,10000,0.0,0,800,Clear,clear sky,01n
1746180197,18.74,1012,88,16.71,0,10000,1.54,200,800,Clear,clear sky,01n
1746181018,19.41,1012,86,17.01,40,10000,1.54,190,802,Clouds,scattered clouds,03d
1746181386,19.41,1012,86,17.01,40,10000,0.0,0,802,Clouds,scattered clouds,03d
1746181966,19.57,1012,85,16.98,40,10000,0.0,0,802,Clouds,scattered clouds,03d
1746182898,19.44,1012,86,17.04,40,10000,1.54,180,802,Clouds,scattered clouds,03d
1746183797,19.92,1013,86,17.51,40,10000,1.54,180,802,Clouds,scattered clouds,03d
1746184618,20.07,1013,85,17.47,0,10000,1.54,210,800,Clear,clear sky,01d
1746184986,19.93,1013,85,17.33,0,10000,0.0,0,800,Clear,clear sky,01d
1746185566,20.1,1012,84,17.31,0,10000,0.0,0,800,Clear,clear sky,01d
1746186498,20.54,1012,83,17.55,0,10000,3.09,210,800,Clear,clear sky,01d
1746187397,21.14,1013,81,17.75,0,10000,3.09,210,800,Clear,clear sky,01d
1746188218,21.38,1013,80,17.79,0,10000,2.06,230,800,Clear,clear sky,01d
1746188586,21.2,1013,81,17.81,0,10000,2.06,240,800,Clear,clear sky,01d
1746189166,22.71,1013,75,18.05,0,10000,4.12,220,800,Clear,clear sky,01d
1746190098,23.02,1013,75,18.35,0,10000,3.6,240,800,Clear,clear sky,01d
1746190997,23.68,1013,73,18.56,0,10000,3.09,240,800,Clear,clear sky,01d
1746191818,23.66,1013,72,18.32,0,10000,3.6,230,800,Clear,clear sky,01d
1746192186,23.83,1013,71,18.26,0,10000,4.12,240,800,Clear,clear sky,01d
1746192766,23.86,1013,71,18.29,0,10000,3.09,220,800,Clear,clear sky,01d
1746193698,24.43,1013,69,18.38,0,10000,3.09,240,800,Clear,clear sky,01d
1746194597,24.99,1013,68,18.68,0,10000,3.6,290,800,Clear,clear sky,01d
1746195418,25.11,1013,67,18.55,0,10000,3.09,270,800,Clear,clear sky,01d
1746195786,25.45,1013,66,18.64,40,10000,3.6,270,802,Clouds,scattered clouds,03d
1746196366,25.84,1013,65,18.76,40,10000,3.6,270,802,Clouds,scattered clouds,03d
1746197298,26.38,1013,63,18.77,40,10000,3.09,250,802,Clouds,scattered clouds,03d
1746198197,26.78,1013,60,18.37,40,10000,4.63,230,802,Clouds,scattered clouds,03d
1746199018,26.66,1013,60,18.26,40,10000,4.12,270,802,Clouds,scattered clouds,03d
1746199386,26.78,1013,58,17.83,40,10000,2.57,250,802,Clouds,scattered clouds,03d
1746199966,27.52,1013,57,18.24,40,10000,2.06,280,802,Clouds,scattered clouds,03d
1746200898,27.62,1013,55,17.77,75,10000,5.14,270,803,Clouds,broken clouds,04d
1746201797,27.73,1013,54,17.58,40,10000,4.12,280,802,Clouds,scattered clouds,03d
1746202618,27.61,1013,53,17.17,40,10000,4.12,230,802,Clouds,scattered clouds,03d
1746202986,27.74,1012,53,17.29,40,10000,2.57,250,802,Clouds,scattered clouds,03d
1746203566,28.42,1012,52,17.62,40,10000,4.92,304,802,Clouds,scattered clouds,03d
1746204498,28.23,1012,52,17.44,40,10000,3.6,280,802,Clouds,scattered clouds,03d
1746205397,28.28,1012,51,17.18,40,10000,3.6,240,802,Clouds,scattered clouds,03d
1746206218,28.68,1012,49,16.92,40,10000,5.14,270,802,Clouds,scattered clouds,03d
1746206586,28.35,1012,50,16.94,40,10000,3.09,230,802,Clouds,scattered clouds,03d
1746207166,28.36,1012,50,16.94,40,10000,4.63,230,802,Clouds,scattered clouds,03d
1746208098,28.7,1012,49,16.94,40,10000,4.47,304,802,Clouds,scattered clouds,03d
1746208997,28.64,1012,50,17.2,0,10000,2.68,304,800,Clear,clear sky,01d
1746209818,29.27,1012,49,17.46,40,10000,1.54,180,802,Clouds,scattered clouds,03d
1746210186,29.08,1012,49,17.28,75,10000,3.09,250,803,Clouds,broken clouds,04d
1746210766,29.2,1012,48,17.07,75,10000,3.09,230,803,Clouds,broken clouds,04d
1746211698,29.31,1012,47,16.84,75,10000,3.09,280,803,Clouds,broken clouds,04d
1746212597,29.02,1011,48,16.9,100,10000,1.54,220,804,Clouds,overcast clouds,04d
1746213418,28.98,1011,49,17.19,100,10000,1.54,220,804,Clouds,overcast clouds,04d
1746213786,28.79,1011,49,17.02,40,10000,2.06,230,802,Clouds,scattered clouds,03d
1746214366,28.86,1011,47,16.43,0,10000,2.06,180,800,Clear,clear sky,01d
1746215298,29.15,1011,47,16.69,0,10000,2.57,170,800,Clear,clear sky,01d
1746216197,29.45,1011,47,16.96,0,10000,3.6,150,800,Clear,clear sky,01d
1746217018,29.13,1011,49,17.33,0,10000,4.12,180,800,Clear,clear sky,01d
1746217386,28.35,1011,50,16.94,0,10000,3.09,190,800,Clear,clear sky,01d
1746217966,27.91,1011,52,17.15,0,10000,1.54,160,800,Clear,clear sky,01d
1746218898,27.4,1011,54,17.28,75,10000,3.6,180,501,Rain,moderate rain,10d
1746219797,27.74,1011,55,17.88,75,10000,2.06,320,803,Clouds,broken clouds,04d
1746220618,28.03,1011,55,18.15,40,10000,3.09,350,802,Clouds,scattered clouds,03d
1746220986,26.8,1012,57,17.57,75,10000,2.57,340,803,Clouds,broken clouds,04d
1746221566,27.55,1011,57,18.27,0,10000,3.09,360,800,Clear,clear sky,01d
1746224586,27.08,1011,57,17.83,0,10000,2.06,170,800,Clear,clear sky,01d
1746225166,25.91,1011,64,18.58,0,10000,2.06,200,800,Clear,clear sky,01d
1746228186,25.99,1010,64,18.66,0,10000,2.06,180,800,Clear,clear sky,01d
1746228766,24.83,1011,69,18.76,0,10000,2.06,190,800,Clear,clear sky,01d
1746231786,23.42,1011,73,18.31,40,10000,0.0,0,802,Clouds,scattered clouds,03n
1746232366,22.78,1011,76,18.33,0,10000,0.0,0,800,Clear,clear sky,01n
1746235386,21.49,1012,80,17.9,0,10000,0.0,0,800,Clear,clear sky,01n
1746235966,21.65,1011,80,18.05,40,10000,0.0,0,802,Clouds,scattered clouds,03n
1746238986,20.8,1012,81,17.42,0,10000,0.0,0,800,Clear,clear sky,01n
1746239566,21.22,1012,78,17.23,0,10000,0.0,0,800,Clear,clear sky,01n
1746242586,20.49,1012,79,16.73,0,10000,0.0,0,800,Clear,clear sky,01n
1746243166,20.14,1011,80,16.58,0,10000,0.0,0,800,Clear,clear sky,01n
