temperature,air_pressure,humidity,clouds,visibility,wind_speed,owm_weather_id_enc,owm_weather_main_enc,owm_weather_description_enc,owm_weather_icon_enc
0.746617915904936,0.4210526315789451,0.35526315789473684,0.0,1.0,0.7346938775510203,0,0,0,0
0.7411334552102377,0.4210526315789451,0.35526315789473684,0.0,1.0,0.7346938775510203,0,0,0,0
0.7254113345521024,0.4210526315789451,0.381578947368421,0.0,1.0,0.5244897959183673,0,0,0,0
0.7144424131627057,0.4210526315789451,0.381578947368421,0.0,1.0,0.5244897959183673,0,0,0,0
0.6998171846435101,0.4210526315789451,0.42105263157894735,0.0,1.0,0.6326530612244897,0,0,0,0
0.6936014625228519,0.4210526315789451,0.42105263157894735,0.0,1.0,0.4204081632653061,0,0,0,0
0.6837294332723949,0.4210526315789451,0.4736842105263158,0.0,1.0,0.4204081632653061,0,0,0,0
0.6837294332723949,0.4210526315789451,0.4736842105263158,0.0,1.0,0.36734693877551017,0,0,0,0
0.6661791590493602,0.4210526315789451,0.5,0.0,1.0,0.4724489795918367,0,0,0,0
0.6661791590493602,0.4210526315789451,0.5,0.0,1.0,0.4204081632653061,0,0,0,0
0.659963436928702,0.4210526315789451,0.513157894736842,0.0,1.0,0.4724489795918367,0,0,0,0
0.6446069469835466,0.4210526315789451,0.48684210526315785,0.0,1.0,0.4724489795918367,0,0,0,0
0.6595978062157222,0.4210526315789451,0.5526315789473684,0.0,1.0,0.21020408163265306,0,0,0,0
0.6588665447897624,0.47368421052631504,0.5526315789473684,0.0,1.0,0.26224489795918365,0,0,0,1
0.640219378427788,0.47368421052631504,0.5789473684210525,0.0,1.0,0.26530612244897955,0,0,0,1
0.640219378427788,0.47368421052631504,0.5789473684210525,0.0,1.0,0.36734693877551017,0,0,0,1
0.6533820840950639,0.47368421052631504,0.5789473684210525,0.0,1.0,0.4183673469387754,0,0,0,1
0.6504570383912249,0.47368421052631504,0.5789473684210525,0.0,1.0,0.36734693877551017,0,0,0,1
0.6731261425959781,0.47368421052631504,0.5789473684210525,0.0,1.0,0.4204081632653061,0,0,0,1
0.6731261425959781,0.526315789473685,0.5789473684210525,0.0,1.0,0.36734693877551017,0,0,0,1
0.6990859232175503,0.526315789473685,0.5526315789473684,0.0,1.0,0.4204081632653061,0,0,0,1
0.6990859232175503,0.526315789473685,0.5657894736842105,0.0,1.0,0.5244897959183673,0,0,0,1
0.7151736745886654,0.526315789473685,0.5526315789473684,0.0,1.0,0.4724489795918367,0,0,0,1
0.7151736745886654,0.526315789473685,0.5526315789473684,0.0,1.0,0.5244897959183673,0,0,0,1
0.7356489945155392,0.526315789473685,0.5394736842105263,0.0,1.0,0.4724489795918367,0,0,0,1
0.7506398537477148,0.47368421052631504,0.5657894736842105,0.0,1.0,0.31530612244897954,0,0,0,1
0.7641681901279708,0.47368421052631504,0.5,0.0,1.0,0.4724489795918367,0,0,0,1
0.7842778793418648,0.47368421052631504,0.513157894736842,0.0,1.0,0.36734693877551017,0,0,0,1
0.8497257769652651,0.47368421052631504,0.42105263157894735,0.0,1.0,0.4204081632653061,0,0,0,1
0.8749542961608776,0.47368421052631504,0.4078947368421052,0.0,1.0,0.5816326530612245,0,0,0,1
0.8906764168190129,0.47368421052631504,0.39473684210526316,0.0,1.0,0.4724489795918367,0,0,0,1
0.8928702010968922,0.3684210526315752,0.381578947368421,0.0,1.0,0.4204081632653061,0,0,0,1
0.8968921389396709,0.3684210526315752,0.39473684210526316,0.0,1.0,0.4724489795918367,0,0,0,1
0.9020109689213894,0.3684210526315752,0.381578947368421,0.0,1.0,0.4724489795918367,0,0,0,1
0.9071297989031079,0.3684210526315752,0.36842105263157887,0.0,1.0,0.36734693877551017,0,0,0,1
0.9180987202925046,0.3684210526315752,0.36842105263157887,0.0,1.0,0.36734693877551017,0,0,0,1
0.9173674588665448,0.3684210526315752,0.35526315789473684,0.0,1.0,0.5816326530612245,0,0,0,1
0.9111517367458867,0.47368421052631504,0.36842105263157887,0.0,1.0,0.5816326530612245,0,0,0,1
0.8819012797074954,0.47368421052631504,0.39473684210526316,0.0,1.0,0.31530612244897954,0,0,0,1
0.8709323583180988,0.47368421052631504,0.4078947368421052,0.0,1.0,0.31632653061224486,0,0,0,1
0.8307129798903108,0.47368421052631504,0.48684210526315785,0.0,1.0,0.04591836734693877,0,0,0,0
0.8252285191956125,0.47368421052631504,0.5,0.0,1.0,0.04591836734693877,0,0,0,0
0.8372943327239488,0.47368421052631504,0.48684210526315785,0.0,1.0,0.15714285714285714,0,0,0,0
0.8464351005484461,0.47368421052631504,0.4736842105263158,0.0,1.0,0.21020408163265306,0,0,0,0
0.8255941499085924,0.47368421052631504,0.5,0.0,1.0,0.31632653061224486,0,0,0,0
0.8080438756855576,0.47368421052631504,0.5,0.0,1.0,0.31632653061224486,0,0,0,0
0.7919561243144425,0.47368421052631504,0.5657894736842105,0.0,1.0,0.15714285714285714,0,0,0,0
0.7787934186471663,0.47368421052631504,0.5657894736842105,0.0,1.0,0.09081632653061224,0,0,0,0
0.703107861060329,0.47368421052631504,0.631578947368421,0.0,1.0,0.21428571428571427,0,0,0,0
0.7042047531992688,0.47368421052631504,0.6447368421052632,0.0,1.0,0.04591836734693877,0,0,0,0
0.6606946983546619,0.47368421052631504,0.7236842105263158,0.0,1.0,0.0,0,0,0,0
0.6146252285191957,0.47368421052631504,0.7763157894736842,0.0,1.0,0.0,0,0,0,0
0.6073126142595978,0.47368421052631504,0.7894736842105262,0.0,1.0,0.0,0,0,0,0
0.6080438756855576,0.47368421052631504,0.7894736842105262,0.0,1.0,0.0,0,0,0,0
0.593418647166362,0.47368421052631504,0.8157894736842105,0.0,1.0,0.0,0,0,0,0
0.5795246800731261,0.5789473684210549,0.8289473684210525,0.0,1.0,0.0,0,0,0,0
0.6106032906764168,0.5789473684210549,0.7631578947368421,0.0,1.0,0.15714285714285714,0,0,0,0
0.6186471663619744,0.5789473684210549,0.7368421052631579,0.0,1.0,0.21020408163265306,0,0,0,0
0.6921389396709324,0.5789473684210549,0.6184210526315789,0.0,1.0,0.26530612244897955,0,0,0,0
0.6895795246800732,0.5789473684210549,0.6052631578947368,0.0,1.0,0.36734693877551017,0,0,0,0
0.6990859232175503,0.5789473684210549,0.6184210526315789,1.0,0.0,0.13673469387755102,1,1,1,2
0.6716636197440584,0.7368421052631575,0.6052631578947368,0.0,1.0,0.15714285714285714,0,0,0,1
0.6420475319926874,0.7368421052631575,0.6447368421052632,0.0,1.0,0.0,0,0,0,1
0.6548446069469837,0.7368421052631575,0.6578947368421052,0.0,1.0,0.21428571428571427,0,0,0,1
0.6946983546617916,0.7368421052631575,0.4736842105263158,0.0,1.0,0.5244897959183673,0,0,0,1
0.6946983546617916,0.7368421052631575,0.4736842105263158,0.0,1.0,0.4204081632653061,0,0,0,1
0.6946983546617916,0.7368421052631575,0.4473684210526315,0.0,1.0,0.4204081632653061,0,0,0,1
0.6946983546617916,0.7894736842105274,0.42105263157894735,0.0,1.0,0.4204081632653061,0,0,0,1
0.6946983546617916,0.7894736842105274,0.36842105263157887,0.0,1.0,0.4724489795918367,0,0,0,1
0.6946983546617916,0.7894736842105274,0.36842105263157887,0.0,1.0,0.4724489795918367,0,0,0,1
0.713345521023766,0.7894736842105274,0.3421052631578947,0.0,1.0,0.5244897959183673,0,0,0,1
0.6946983546617916,0.7894736842105274,0.36842105263157887,0.0,1.0,0.5244897959183673,0,0,0,1
0.7312614259597807,0.7894736842105274,0.2894736842105263,0.0,1.0,0.4204081632653061,0,0,0,1
0.7312614259597807,0.7894736842105274,0.2894736842105263,0.0,1.0,0.4724489795918367,0,0,0,1
0.7312614259597807,0.7894736842105274,0.3157894736842105,0.0,1.0,0.5244897959183673,0,0,0,1
0.7425959780621573,0.7894736842105274,0.3421052631578947,0.0,1.0,0.31530612244897954,0,0,0,1
0.7414990859232176,0.7894736842105274,0.23684210526315785,0.0,1.0,0.4724489795918367,0,0,0,1
0.7711151736745887,0.7894736842105274,0.26315789473684215,0.0,1.0,0.5244897959183673,0,0,0,1
0.7853747714808044,0.7894736842105274,0.22368421052631582,0.0,1.0,0.31632653061224486,0,0,0,1
0.783546617915905,0.7368421052631575,0.25,0.0,1.0,0.31632653061224486,0,0,0,1
0.7740402193784278,0.7368421052631575,0.23684210526315785,0.0,1.0,0.36734693877551017,0,0,0,1
0.7455210237659963,0.7368421052631575,0.21052631578947367,0.0,1.0,0.36734693877551017,0,0,0,1
0.7257769652650823,0.7368421052631575,0.2763157894736842,0.0,1.0,0.4204081632653061,0,0,0,1
0.7118829981718464,0.7368421052631575,0.2763157894736842,0.0,1.0,0.36734693877551017,0,0,0,1
0.6716636197440584,0.7368421052631575,0.2763157894736842,0.0,1.0,0.31632653061224486,0,0,0,1
0.6585009140767825,0.8421052631578974,0.21052631578947367,0.0,1.0,0.31530612244897954,0,0,0,1
0.6340036563071298,0.8421052631578974,0.25,0.0,1.0,0.31632653061224486,0,0,0,1
0.5850091407678245,0.8421052631578974,0.2763157894736842,0.0,1.0,0.26530612244897955,0,0,0,1
0.5630712979890311,0.8421052631578974,0.32894736842105265,0.0,1.0,0.21020408163265306,0,0,0,0
0.5455210237659963,0.8421052631578974,0.3157894736842105,0.0,1.0,0.21428571428571427,0,0,0,0
0.503107861060329,0.8421052631578974,0.381578947368421,0.0,1.0,0.0,0,0,0,0
0.49396709323583177,0.7894736842105274,0.381578947368421,0.0,1.0,0.0,0,0,0,0
0.46398537477148083,0.7894736842105274,0.48684210526315785,0.0,1.0,0.0,0,0,0,0
0.45118829981718467,0.7894736842105274,0.48684210526315785,0.0,1.0,0.0,0,0,0,0
0.42851919561243146,0.7894736842105274,0.5394736842105263,0.0,1.0,0.0,0,0,0,0
0.42961608775137106,0.7894736842105274,0.5526315789473684,0.4,1.0,0.0,2,1,2,3
0.40987202925045707,0.7894736842105274,0.6184210526315789,1.0,1.0,0.0,1,1,1,4
0.4182815356489945,0.7894736842105274,0.631578947368421,1.0,1.0,0.0,1,1,1,4
0.42669104204753194,0.7894736842105274,0.6842105263157895,1.0,1.0,0.0,1,1,1,4
0.4307129798903109,0.7894736842105274,0.6842105263157895,1.0,1.0,0.21020408163265306,1,1,1,4
0.4376599634369287,0.7894736842105274,0.6447368421052632,1.0,1.0,0.15714285714285714,1,1,1,4
0.4318098720292505,0.7894736842105274,0.6447368421052632,1.0,1.0,0.21020408163265306,1,1,1,4
0.4420475319926874,0.7894736842105274,0.6184210526315789,1.0,1.0,0.15714285714285714,1,1,1,4
0.4387568555758684,0.7368421052631575,0.6184210526315789,1.0,1.0,0.04591836734693877,1,1,1,4
0.43107861060329067,0.7368421052631575,0.5789473684210525,1.0,1.0,0.15714285714285714,1,1,1,4
0.42888482632541136,0.7368421052631575,0.5657894736842105,1.0,1.0,0.15714285714285714,1,1,1,4
0.42669104204753194,0.7368421052631575,0.5394736842105263,1.0,1.0,0.21020408163265306,1,1,1,4
0.42010968921389397,0.7368421052631575,0.5394736842105263,1.0,1.0,0.21428571428571427,1,1,1,4
0.41352833638025593,0.7368421052631575,0.5657894736842105,1.0,1.0,0.0,1,1,1,2
0.3959780621572212,0.7368421052631575,0.5526315789473684,1.0,1.0,0.21428571428571427,1,1,1,2
0.42047531992687387,0.7368421052631575,0.5263157894736842,1.0,1.0,0.15714285714285714,1,1,1,2
0.4208409506398537,0.7368421052631575,0.5263157894736842,1.0,1.0,0.15714285714285714,1,1,1,2
0.463254113345521,0.7368421052631575,0.4473684210526315,0.75,1.0,0.26530612244897955,3,1,3,2
0.47276051188299817,0.7368421052631575,0.42105263157894735,1.0,1.0,0.31530612244897954,1,1,1,2
0.5085923217550274,0.7368421052631575,0.35526315789473684,1.0,1.0,0.21020408163265306,1,1,1,2
0.5166361974405851,0.6842105263157876,0.3421052631578947,1.0,1.0,0.21428571428571427,1,1,1,2
0.5045703839122486,0.6842105263157876,0.36842105263157887,1.0,1.0,0.27346938775510204,1,1,1,2
0.5056672760511883,0.6842105263157876,0.36842105263157887,1.0,1.0,0.27346938775510204,1,1,1,2
0.5162705667276051,0.6842105263157876,0.36842105263157887,1.0,1.0,0.31632653061224486,1,1,1,2
0.5206581352833638,0.6842105263157876,0.36842105263157887,1.0,1.0,0.31632653061224486,1,1,1,2
0.5553930530164534,0.6842105263157876,0.3421052631578947,1.0,1.0,0.31530612244897954,1,1,1,2
0.5681901279707495,0.47368421052631504,0.30263157894736836,1.0,1.0,0.31632653061224486,1,1,1,2
0.6522851919561243,0.47368421052631504,0.2763157894736842,1.0,1.0,0.31632653061224486,1,1,1,2
0.6881170018281536,0.47368421052631504,0.2763157894736842,1.0,1.0,0.5244897959183673,1,1,1,2
0.7107861060329067,0.47368421052631504,0.3421052631578947,0.0,1.0,0.4724489795918367,0,0,0,1
0.7206581352833638,0.47368421052631504,0.3421052631578947,0.0,1.0,0.4724489795918367,0,0,0,1
0.746983546617916,0.47368421052631504,0.39473684210526316,0.0,1.0,0.4724489795918367,0,0,0,1
0.7458866544789763,0.3684210526315752,0.4078947368421052,0.0,1.0,0.4724489795918367,0,0,0,1
0.726873857404022,0.3684210526315752,0.4736842105263158,0.0,1.0,0.36734693877551017,0,0,0,1
0.7243144424131627,0.3684210526315752,0.48684210526315785,0.0,1.0,0.4204081632653061,0,0,0,1
0.7115173674588665,0.3684210526315752,0.5526315789473684,0.0,1.0,0.4724489795918367,0,0,0,1
0.7144424131627057,0.3684210526315752,0.5921052631578947,0.0,1.0,0.4724489795918367,0,0,0,1
0.7180987202925045,0.3684210526315752,0.631578947368421,0.0,1.0,0.4724489795918367,0,0,0,1
0.6910420475319927,0.3157894736842124,0.6052631578947368,0.0,1.0,0.4724489795918367,0,0,0,1
0.6680073126142596,0.3157894736842124,0.7236842105263158,0.0,1.0,0.36734693877551017,0,0,0,1
0.6574040219378428,0.3157894736842124,0.7499999999999999,0.0,1.0,0.31632653061224486,0,0,0,1
0.6182815356489946,0.3157894736842124,0.7763157894736842,0.75,1.0,0.15714285714285714,3,1,3,4
0.6095063985374771,0.3157894736842124,0.7894736842105262,0.4,1.0,0.15714285714285714,2,1,2,3
0.593418647166362,0.3157894736842124,0.7894736842105262,1.0,1.0,0.04591836734693877,1,1,1,4
0.5893967093235831,0.3157894736842124,0.7894736842105262,1.0,1.0,0.26224489795918365,1,1,1,4
0.5824497257769653,0.3157894736842124,0.8157894736842105,0.0,1.0,0.0,0,0,0,0
0.5817184643510056,0.3157894736842124,0.8157894736842105,0.4,1.0,0.0,2,1,2,3
0.5462522851919561,0.3157894736842124,0.8552631578947368,0.75,1.0,0.04591836734693877,3,1,3,4
0.5389396709323583,0.3157894736842124,0.8552631578947368,0.75,1.0,0.04591836734693877,3,1,3,4
0.5272394881170018,0.3157894736842124,0.8684210526315789,0.75,1.0,0.0,3,1,3,4
0.526508226691042,0.2631578947368425,0.8815789473684209,0.4,1.0,0.0,2,1,2,3
0.5173674588665448,0.2631578947368425,0.8815789473684209,1.0,1.0,0.0,1,1,1,4
0.5173674588665448,0.2631578947368425,0.8815789473684209,1.0,1.0,0.0,1,1,1,4
0.5140767824497258,0.2631578947368425,0.9078947368421052,1.0,1.0,0.0,1,1,1,4
0.5140767824497258,0.2631578947368425,0.9078947368421052,1.0,1.0,0.0,1,1,1,4
0.506398537477148,0.2631578947368425,0.8947368421052632,1.0,1.0,0.0,1,1,1,4
0.5170018281535649,0.2631578947368425,0.8815789473684209,1.0,1.0,0.0,1,1,1,4
0.5140767824497258,0.2631578947368425,0.9078947368421052,0.4,1.0,0.0,2,1,2,3
0.5140767824497258,0.2631578947368425,0.9078947368421052,0.0,1.0,0.0,0,0,0,0
0.4808043875685558,0.2631578947368425,0.9078947368421052,0.0,0.8047195280471954,0.0,4,2,4,5
0.476782449725777,0.2631578947368425,0.9210526315789472,0.0,1.0,0.0,4,2,4,5
0.456672760511883,0.2631578947368425,0.9210526315789472,1.0,0.24147585241475852,0.0,4,2,4,6
0.4610603290676417,0.3684210526315752,0.9473684210526315,0.0,1.0,0.0,4,2,4,6
0.4844606946983546,0.3684210526315752,0.9605263157894736,0.0,1.0,0.0,0,0,0,1
0.5049360146252285,0.3684210526315752,0.9473684210526315,0.0,1.0,0.0,0,0,0,1
0.5444241316270566,0.3684210526315752,0.9078947368421052,0.0,1.0,0.0,0,0,0,1
0.6263254113345521,0.3684210526315752,0.8157894736842105,0.0,1.0,0.04591836734693877,0,0,0,1
0.6859232175502742,0.3684210526315752,0.6578947368421052,0.0,1.0,0.21020408163265306,0,0,0,1
0.7005484460694699,0.3684210526315752,0.6447368421052632,0.0,1.0,0.31632653061224486,0,0,0,1
0.770018281535649,0.3684210526315752,0.5,0.0,1.0,0.36734693877551017,0,0,0,1
0.7864716636197441,0.3684210526315752,0.4736842105263158,0.0,1.0,0.4204081632653061,0,0,0,1
0.8142595978062158,0.3684210526315752,0.4342105263157895,0.0,1.0,0.31632653061224486,0,0,0,1
0.8219378427787933,0.3684210526315752,0.4342105263157895,0.4,1.0,0.4204081632653061,2,1,2,7
0.8416819012797075,0.3684210526315752,0.3421052631578947,0.0,1.0,0.5816326530612245,0,0,0,1
0.8413162705667276,0.3684210526315752,0.3157894736842105,0.0,1.0,0.4204081632653061,0,0,0,1
0.8500914076782451,0.3684210526315752,0.2763157894736842,0.0,1.0,0.5244897959183673,0,0,0,1
0.8548446069469836,0.3684210526315752,0.25,0.0,1.0,0.5244897959183673,0,0,0,1
0.8775137111517368,0.3684210526315752,0.10526315789473684,0.0,1.0,0.5775510204081632,0,0,0,1
0.8775137111517368,0.3684210526315752,0.06578947368421051,0.0,1.0,0.5816326530612245,0,0,0,1
0.8775137111517368,0.3684210526315752,0.09210526315789475,0.0,1.0,0.4724489795918367,0,0,0,1
0.8775137111517368,0.2631578947368425,0.09210526315789475,0.0,1.0,0.4724489795918367,0,0,0,1
0.8424131627056674,0.2631578947368425,0.15789473684210525,0.0,1.0,0.4724489795918367,0,0,0,1
0.8416819012797075,0.2631578947368425,0.1842105263157895,0.0,1.0,0.4724489795918367,0,0,0,1
0.8409506398537477,0.2631578947368425,0.15789473684210525,0.0,1.0,0.31632653061224486,0,0,0,1
0.8409506398537477,0.2631578947368425,0.11842105263157893,0.0,1.0,0.4204081632653061,0,0,0,1
0.7857404021937843,0.2631578947368425,0.1842105263157895,0.0,1.0,0.4724489795918367,0,0,0,1
0.7678244972577697,0.3684210526315752,0.1842105263157895,0.0,1.0,0.31530612244897954,0,0,0,1
0.6957952468007312,0.3684210526315752,0.23684210526315785,0.0,1.0,0.31530612244897954,0,0,0,1
0.6946983546617916,0.3684210526315752,0.21052631578947367,0.0,1.0,0.31632653061224486,0,0,0,1
0.6585009140767825,0.3684210526315752,0.23684210526315785,0.0,1.0,0.21020408163265306,0,0,0,0
0.6581352833638027,0.3684210526315752,0.23684210526315785,0.0,1.0,0.15714285714285714,0,0,0,0
0.6416819012797075,0.3684210526315752,0.39473684210526316,0.0,1.0,0.0,0,0,0,0
0.6252285191956124,0.47368421052631504,0.4078947368421052,0.0,1.0,0.0,0,0,0,0
0.5846435100548446,0.47368421052631504,0.4342105263157895,0.0,1.0,0.36734693877551017,0,0,0,0
0.5769652650822669,0.47368421052631504,0.4473684210526315,1.0,0.0,0.2551020408163265,1,1,1,4
0.5491773308957953,0.47368421052631504,0.4736842105263158,0.4,1.0,0.0,2,1,2,3
0.5334552102376601,0.47368421052631504,0.48684210526315785,0.4,1.0,0.0,2,1,2,3
0.47276051188299817,0.47368421052631504,0.5789473684210525,0.4,1.0,0.0,2,1,2,3
0.4581352833638026,0.47368421052631504,0.5921052631578947,0.4,1.0,0.0,2,1,2,3
0.4146252285191956,0.47368421052631504,0.6447368421052632,0.0,1.0,0.0,0,0,0,0
0.4146252285191956,0.47368421052631504,0.6578947368421052,0.0,1.0,0.0,0,0,0,0
0.38793418647166367,0.47368421052631504,0.6578947368421052,0.4,1.0,0.0,2,1,2,3
0.3842778793418647,0.47368421052631504,0.6578947368421052,0.4,1.0,0.0,2,1,2,3
0.36197440585009144,0.47368421052631504,0.7105263157894736,0.0,1.0,0.0,0,0,0,0
0.3517367458866545,0.5789473684210549,0.6973684210526315,0.0,1.0,0.0,0,0,0,0
0.340036563071298,0.5789473684210549,0.7236842105263158,0.0,1.0,0.0,0,0,0,0
0.3129798903107861,0.5789473684210549,0.7368421052631579,0.0,1.0,0.04591836734693877,0,0,0,0
0.30054844606946984,0.5789473684210549,0.7631578947368421,0.0,1.0,0.0,0,0,0,0
0.29542961608775137,0.5789473684210549,0.7631578947368421,0.0,1.0,0.0,0,0,0,0
0.276782449725777,0.5789473684210549,0.7894736842105262,0.0,1.0,0.0,0,0,0,1
0.2628884826325411,0.6842105263157876,0.7894736842105262,0.0,1.0,0.0,0,0,0,1
0.2903107861060329,0.6842105263157876,0.7763157894736842,0.0,1.0,0.0,0,0,0,1
0.3623400365630713,0.6842105263157876,0.7236842105263158,0.0,1.0,0.0,0,0,0,1
0.5034734917733089,0.6842105263157876,0.4078947368421052,0.0,1.0,0.36734693877551017,0,0,0,1
0.5159049360146253,0.6842105263157876,0.381578947368421,0.0,1.0,0.36734693877551017,0,0,0,1
0.5645338208409506,0.6842105263157876,0.2894736842105263,0.0,1.0,0.4204081632653061,0,0,0,1
0.5736745886654478,0.7368421052631575,0.2763157894736842,0.0,1.0,0.26224489795918365,0,0,0,1
0.6117001828153564,0.7368421052631575,0.25,0.0,1.0,0.15714285714285714,0,0,0,1
0.613528336380256,0.7368421052631575,0.21052631578947367,0.0,1.0,0.36734693877551017,0,0,0,1
0.6442413162705667,0.7368421052631575,0.17105263157894735,0.0,1.0,0.31632653061224486,0,0,0,1
0.653747714808044,0.7368421052631575,0.15789473684210525,0.0,1.0,0.21020408163265306,0,0,0,1
0.6844606946983547,0.7368421052631575,0.11842105263157893,0.0,1.0,0.15714285714285714,0,0,0,1
0.6815356489945155,0.7368421052631575,0.13157894736842102,0.0,1.0,0.21020408163265306,0,0,0,1
0.736745886654479,0.7368421052631575,0.07894736842105265,0.0,1.0,0.21020408163265306,0,0,0,1
0.7557586837294332,0.7368421052631575,0.09210526315789475,0.0,1.0,0.31530612244897954,0,0,0,1
0.7736745886654479,0.7368421052631575,0.03947368421052633,0.0,1.0,0.31530612244897954,0,0,0,1
0.7744058500914077,0.7368421052631575,0.02631578947368418,0.0,1.0,0.15714285714285714,0,0,0,1
0.7978062157221207,0.7368421052631575,0.01315789473684209,0.0,1.0,0.15714285714285714,5,3,5,6
0.7923217550274223,0.6842105263157876,0.01315789473684209,0.0,1.0,0.15714285714285714,0,0,0,1
0.813528336380256,0.6842105263157876,0.0,0.0,1.0,0.26530612244897955,0,0,0,1
0.8120658135283364,0.6842105263157876,0.0,0.0,1.0,0.36734693877551017,0,0,0,1
0.8124314442413163,0.6842105263157876,0.02631578947368418,0.0,1.0,0.26530612244897955,0,0,0,1
0.7926873857404022,0.6842105263157876,0.01315789473684209,0.0,1.0,0.21428571428571427,0,0,0,1
0.770018281535649,0.6842105263157876,0.10526315789473684,0.0,1.0,0.15714285714285714,0,0,0,1
0.7316270566727605,0.6842105263157876,0.02631578947368418,0.0,1.0,0.36734693877551017,0,0,0,1
0.6994515539305302,0.6842105263157876,0.17105263157894735,0.0,1.0,0.26530612244897955,0,0,0,1
0.6581352833638027,0.6842105263157876,0.13157894736842102,0.0,1.0,0.36734693877551017,0,0,0,1
0.5678244972577696,0.6842105263157876,0.35526315789473684,0.0,1.0,0.15714285714285714,0,0,0,0
0.5129798903107861,0.6842105263157876,0.42105263157894735,0.0,1.0,0.0,0,0,0,0
0.5140767824497258,0.6842105263157876,0.4473684210526315,0.0,1.0,0.0,0,0,0,0
0.5005484460694698,0.7368421052631575,0.4736842105263158,0.0,1.0,0.0,0,0,0,0
0.4537477148080439,0.7368421052631575,0.5657894736842105,0.0,1.0,0.0,0,0,0,0
0.45009140767824496,0.7368421052631575,0.5789473684210525,0.0,1.0,0.04591836734693877,0,0,0,0
0.4358318098720293,0.7368421052631575,0.6447368421052632,0.0,1.0,0.0,0,0,0,0
0.43327239488117,0.7368421052631575,0.6578947368421052,0.0,1.0,0.0,0,0,0,0
0.40585009140767825,0.7368421052631575,0.6973684210526315,0.48,0.0,0.23673469387755097,2,1,2,3
0.39378427787934184,0.7368421052631575,0.7105263157894736,0.0,1.0,0.0,0,0,0,0
0.3601462522851919,0.7368421052631575,0.7631578947368421,0.0,1.0,0.0,0,0,0,0
0.35319926873857405,0.7368421052631575,0.7763157894736842,0.0,1.0,0.0,0,0,0,0
0.32614259597806217,0.7368421052631575,0.8157894736842105,0.0,1.0,0.0,0,0,0,0
0.326508226691042,0.7368421052631575,0.8157894736842105,0.0,1.0,0.0,0,0,0,0
0.31444241316270566,0.7368421052631575,0.8157894736842105,0.0,1.0,0.0,0,0,0,0
0.29506398537477146,0.7894736842105274,0.8421052631578948,0.0,1.0,0.0,0,0,0,0
0.27495429616087746,0.7894736842105274,0.8684210526315789,0.0,1.0,0.0,0,0,0,0
0.2727605118829982,0.7894736842105274,0.8684210526315789,0.0,1.0,0.0,0,0,0,0
0.2723948811700183,0.7894736842105274,0.8552631578947368,0.0,1.0,0.0,0,0,0,0
0.2676416819012797,0.7894736842105274,0.8684210526315789,0.0,1.0,0.0,0,0,0,0
0.2519195612431444,0.7894736842105274,0.8815789473684209,0.0,1.0,0.0,0,0,0,1
0.1996343692870201,0.8421052631578974,0.9473684210526315,0.0,1.0,0.0,0,0,0,1
0.27385740402193787,0.8421052631578974,0.9078947368421052,0.0,1.0,0.0,0,0,0,1
0.25996343692870205,0.8421052631578974,0.8815789473684209,0.0,1.0,0.0,0,0,0,1
0.4559414990859232,0.8421052631578974,0.6973684210526315,0.0,1.0,0.0,0,0,0,1
0.4756855575868373,0.8421052631578974,0.6710526315789473,0.0,1.0,0.0,0,0,0,1
0.5528336380255942,0.8421052631578974,0.5657894736842105,0.0,1.0,0.04591836734693877,0,0,0,1
0.5747714808043876,0.8421052631578974,0.5263157894736842,0.0,1.0,0.04591836734693877,0,0,0,1
0.6939670932358317,0.8421052631578974,0.381578947368421,0.0,1.0,0.31530612244897954,0,0,0,1
0.7107861060329067,0.8421052631578974,0.35526315789473684,0.0,1.0,0.26224489795918365,0,0,0,1
0.7769652650822669,0.8421052631578974,0.19736842105263153,0.0,1.0,0.4693877551020407,0,0,0,1
0.783546617915905,0.8421052631578974,0.1842105263157895,0.0,1.0,0.36734693877551017,0,0,0,1
0.8007312614259599,0.8421052631578974,0.15789473684210525,0.0,1.0,0.26530612244897955,0,0,0,1
0.8266910420475321,0.7894736842105274,0.15789473684210525,0.0,1.0,0.31530612244897954,0,0,0,1
0.8500914076782451,0.7894736842105274,0.09210526315789475,0.0,1.0,0.31530612244897954,0,0,0,1
0.8544789762340036,0.7894736842105274,0.07894736842105265,0.0,1.0,0.4204081632653061,0,0,0,1
0.8797074954296161,0.7894736842105274,0.06578947368421051,0.0,1.0,0.4204081632653061,0,0,0,1
0.8789762340036563,0.7894736842105274,0.07894736842105265,0.0,1.0,0.36734693877551017,0,0,0,1
0.8658135283363804,0.7894736842105274,0.11842105263157893,0.0,1.0,0.31530612244897954,0,0,0,1
0.8595978062157221,0.7368421052631575,0.11842105263157893,0.0,1.0,0.4724489795918367,0,0,0,1
0.8281535648994516,0.7368421052631575,0.14473684210526316,0.0,1.0,0.36734693877551017,0,0,0,1
0.8215722120658135,0.7368421052631575,0.14473684210526316,0.0,1.0,0.6326530612244897,0,0,0,1
0.8091407678244973,0.7368421052631575,0.14473684210526316,0.0,1.0,0.4724489795918367,0,0,0,1
0.7678244972577697,0.7368421052631575,0.09210526315789475,0.0,1.0,0.4724489795918367,0,0,0,1
0.7817184643510056,0.7368421052631575,0.13157894736842102,0.0,1.0,0.26224489795918365,0,0,0,1
0.7312614259597807,0.7368421052631575,0.05263157894736842,0.0,1.0,0.4724489795918367,0,0,0,1
0.7038391224862889,0.7368421052631575,0.06578947368421051,0.0,1.0,0.36734693877551017,0,0,0,1
0.6946983546617916,0.7368421052631575,0.05263157894736842,0.0,1.0,0.36734693877551017,0,0,0,1
0.5872029250457038,0.7368421052631575,0.15789473684210525,0.0,1.0,0.31632653061224486,0,0,0,0
0.5670932358318098,0.7368421052631575,0.17105263157894735,0.0,1.0,0.26530612244897955,0,0,0,0
0.5806215722120658,0.7368421052631575,0.19736842105263153,0.0,1.0,0.0,0,0,0,0
0.5608775137111518,0.7894736842105274,0.22368421052631582,0.0,1.0,0.15714285714285714,0,0,0,0
0.5148080438756856,0.7894736842105274,0.39473684210526316,0.44,0.0,0.04591836734693877,2,1,2,3
0.5049360146252285,0.7894736842105274,0.36842105263157887,0.0,1.0,0.0,0,0,0,0
0.46544789762340033,0.7894736842105274,0.513157894736842,0.0,1.0,0.0,0,0,0,0
0.4595978062157221,0.7894736842105274,0.5263157894736842,0.0,1.0,0.0,0,0,0,0
0.42376599634369283,0.7894736842105274,0.6184210526315789,0.0,1.0,0.0,0,0,0,0
0.4230347349177331,0.7368421052631575,0.631578947368421,0.0,1.0,0.0,0,0,0,0
0.37806215722120656,0.7368421052631575,0.7236842105263158,0.0,1.0,0.0,0,0,0,0
0.37586837294332726,0.7368421052631575,0.7368421052631579,0.0,1.0,0.0,0,0,0,0
0.3363802559414991,0.7368421052631575,0.7894736842105262,0.0,1.0,0.0,0,0,0,0
0.33382084095063985,0.7368421052631575,0.7894736842105262,0.0,1.0,0.0,0,0,0,0
0.3063985374771481,0.7368421052631575,0.8421052631578948,0.0,1.0,0.0,0,0,0,0
0.30347349177330896,0.7368421052631575,0.8552631578947368,0.0,1.0,0.0,0,0,0,0
0.2881170018281536,0.7368421052631575,0.8815789473684209,0.0,1.0,0.0,0,0,0,0
0.2797074954296161,0.7368421052631575,0.8815789473684209,0.0,1.0,0.0,0,0,0,0
0.2680073126142596,0.7368421052631575,0.8947368421052632,0.0,1.0,0.0,0,0,0,0
0.2680073126142596,0.7368421052631575,0.8947368421052632,0.0,1.0,0.0,0,0,0,0
0.2555758683729433,0.7368421052631575,0.9078947368421052,0.0,1.0,0.0,0,0,0,1
0.2628884826325411,0.7368421052631575,0.8815789473684209,0.0,1.0,0.0,0,0,0,1
0.2881170018281536,0.7368421052631575,0.9210526315789472,0.75,1.0,0.0,3,1,3,2
0.2742230347349177,0.7368421052631575,0.8815789473684209,0.75,1.0,0.0,3,1,3,2
0.46873857404021935,0.7368421052631575,0.8157894736842105,0.4,1.0,0.04591836734693877,2,1,2,7
0.4972577696526508,0.7368421052631575,0.7894736842105262,0.4,1.0,0.15714285714285714,2,1,2,7
0.5674588665447898,0.7368421052631575,0.6973684210526315,0.0,1.0,0.21020408163265306,0,0,0,1
0.5919561243144424,0.6842105263157876,0.6710526315789473,0.0,1.0,0.21020408163265306,0,0,0,1
0.6712979890310786,0.6842105263157876,0.5921052631578947,0.0,1.0,0.26530612244897955,0,0,0,1
0.6946983546617916,0.6842105263157876,0.5789473684210525,0.0,1.0,0.4204081632653061,0,0,0,1
0.7506398537477148,0.6842105263157876,0.5526315789473684,0.4,1.0,0.36734693877551017,2,1,2,7
0.7674588665447898,0.6842105263157876,0.5526315789473684,0.4,1.0,0.4204081632653061,2,1,2,7
0.7897623400365631,0.6842105263157876,0.5394736842105263,0.4,1.0,0.4204081632653061,2,1,2,7
0.8226691042047533,0.526315789473685,0.5,0.75,1.0,0.26530612244897955,3,1,3,2
0.8471663619744059,0.526315789473685,0.4736842105263158,0.75,1.0,0.26530612244897955,3,1,3,2
0.8394881170018281,0.526315789473685,0.4736842105263158,0.75,1.0,0.26530612244897955,3,1,3,2
0.8219378427787933,0.526315789473685,0.48684210526315785,0.75,1.0,0.4204081632653061,3,1,3,2
0.8234003656307131,0.526315789473685,0.48684210526315785,1.0,1.0,0.4204081632653061,1,1,1,2
0.8032906764168191,0.526315789473685,0.5,1.0,1.0,0.4204081632653061,1,1,1,2
0.7915904936014625,0.4210526315789451,0.5,1.0,1.0,0.36734693877551017,6,4,6,8
0.7619744058500915,0.4210526315789451,0.513157894736842,1.0,1.0,0.4204081632653061,6,4,6,8
0.7740402193784278,0.4210526315789451,0.5263157894736842,1.0,1.0,0.5775510204081632,6,4,6,8
0.7926873857404022,0.4210526315789451,0.48684210526315785,0.4,1.0,0.4724489795918367,6,4,6,8
0.7824497257769653,0.4210526315789451,0.48684210526315785,0.4,1.0,0.5244897959183673,6,4,6,8
0.7553930530164534,0.4210526315789451,0.4473684210526315,1.0,1.0,0.36734693877551017,6,4,6,8
0.7451553930530165,0.4210526315789451,0.4342105263157895,1.0,1.0,0.4724489795918367,1,1,1,2
0.713345521023766,0.4210526315789451,0.5394736842105263,0.75,1.0,0.36734693877551017,6,4,6,8
0.713345521023766,0.4210526315789451,0.5657894736842105,0.75,1.0,0.36734693877551017,6,4,6,8
0.673857404021938,0.4210526315789451,0.6447368421052632,1.0,1.0,0.26224489795918365,6,4,6,9
0.6731261425959781,0.4210526315789451,0.6578947368421052,1.0,1.0,0.21020408163265306,1,1,1,4
0.6446069469835466,0.4210526315789451,0.7105263157894736,0.4,1.0,0.26530612244897955,2,1,2,3
0.6325411334552102,0.3684210526315752,0.6973684210526315,0.4,1.0,0.21428571428571427,2,1,2,3
0.6098720292504571,0.3684210526315752,0.7368421052631579,0.4,1.0,0.26224489795918365,2,1,2,3
0.6102376599634369,0.3684210526315752,0.7368421052631579,0.75,1.0,0.26530612244897955,3,1,3,4
0.6270566727605119,0.3684210526315752,0.7236842105263158,0.75,1.0,0.26224489795918365,3,1,3,4
0.6212065813528337,0.3684210526315752,0.7368421052631579,0.75,1.0,0.21428571428571427,3,1,3,4
0.6215722120658136,0.3684210526315752,0.7631578947368421,1.0,1.0,0.13673469387755102,1,1,1,4
0.6230347349177331,0.21052631578947256,0.7631578947368421,1.0,1.0,0.21020408163265306,6,4,6,9
0.5937842778793418,0.21052631578947256,0.8552631578947368,1.0,0.6437356264373563,0.15714285714285714,7,4,7,9
0.5937842778793418,0.21052631578947256,0.8684210526315789,1.0,0.20127987201279873,0.15714285714285714,7,4,7,9
0.5755027422303474,0.21052631578947256,0.9210526315789472,1.0,1.0,0.15714285714285714,8,4,8,9
0.5820840950639854,0.21052631578947256,0.9210526315789472,1.0,1.0,0.15714285714285714,8,4,8,9
0.5850091407678245,0.21052631578947256,0.9342105263157895,1.0,1.0,0.15714285714285714,6,4,6,9
0.5850091407678245,0.15789473684210265,0.9342105263157895,1.0,1.0,0.26224489795918365,6,4,6,9
0.5985374771480804,0.15789473684210265,0.9342105263157895,1.0,1.0,0.21020408163265306,6,4,6,9
0.5985374771480804,0.15789473684210265,0.9342105263157895,1.0,1.0,0.21020408163265306,6,4,6,9
0.6054844606946984,0.15789473684210265,0.9342105263157895,1.0,1.0,0.21020408163265306,1,1,1,4
0.6054844606946984,0.15789473684210265,0.9342105263157895,1.0,1.0,0.21020408163265306,1,1,1,4
0.6054844606946984,0.15789473684210265,0.9342105263157895,0.4,1.0,0.21020408163265306,2,1,2,7
0.6054844606946984,0.15789473684210265,0.9342105263157895,0.4,1.0,0.21020408163265306,2,1,2,7
0.6208409506398537,0.15789473684210265,0.9210526315789472,1.0,1.0,0.21020408163265306,1,1,1,2
0.6208409506398537,0.15789473684210265,0.9210526315789472,1.0,1.0,0.21020408163265306,1,1,1,2
0.6299817184643509,0.15789473684210265,0.9210526315789472,1.0,0.6437356264373563,0.4204081632653061,6,4,6,8
0.6299817184643509,0.15789473684210265,0.9210526315789472,1.0,0.6437356264373563,0.4204081632653061,6,4,6,8
0.6544789762340036,0.15789473684210265,0.9078947368421052,1.0,1.0,0.21020408163265306,6,4,6,8
0.653747714808044,0.10526315789473983,0.9078947368421052,1.0,0.8047195280471954,0.31632653061224486,6,4,6,8
0.676782449725777,0.10526315789473983,0.8684210526315789,1.0,1.0,0.4204081632653061,6,4,6,8
0.6829981718464352,0.10526315789473983,0.8815789473684209,1.0,1.0,0.31632653061224486,6,4,6,8
0.6848263254113345,0.10526315789473983,0.8289473684210525,1.0,0.4828517148285172,0.31632653061224486,6,4,6,8
0.6840950639853748,0.10526315789473983,0.8421052631578948,1.0,0.6437356264373563,0.31530612244897954,6,4,6,8
0.6742230347349177,0.10526315789473983,0.8684210526315789,1.0,1.0,0.520408163265306,6,4,6,8
0.6793418647166362,0.05263157894736992,0.8684210526315789,1.0,1.0,0.4204081632653061,6,4,6,8
0.7060329067641682,0.05263157894736992,0.8289473684210525,1.0,1.0,0.5244897959183673,6,4,6,8
0.7118829981718464,0.05263157894736992,0.8421052631578948,1.0,1.0,0.5816326530612245,6,4,6,8
0.7828153564899453,0.05263157894736992,0.7105263157894736,0.75,1.0,0.5816326530612245,6,4,6,8
0.8014625228519195,0.05263157894736992,0.6973684210526315,0.75,1.0,0.31632653061224486,6,4,6,8
0.7411334552102377,0.05263157894736992,0.7368421052631579,1.0,0.12078792120787922,0.4204081632653061,8,4,8,8
0.7455210237659963,0.05263157894736992,0.7236842105263158,1.0,1.0,0.26224489795918365,8,4,8,8
0.710054844606947,0.05263157894736992,0.8289473684210525,0.75,1.0,0.15714285714285714,8,4,8,8
0.7210237659963438,0.05263157894736992,0.8026315789473685,0.75,1.0,0.15714285714285714,8,4,8,8
0.7283363802559415,0.05263157894736992,0.8289473684210525,1.0,1.0,0.04591836734693877,6,4,6,8
0.7195612431444242,0.05263157894736992,0.8289473684210525,1.0,1.0,0.31632653061224486,6,4,6,8
0.6950639853747714,0.05263157894736992,0.5394736842105263,0.4,1.0,0.7877551020408162,6,4,6,8
0.6581352833638027,0.2631578947368425,0.4605263157894737,0.4,1.0,0.5244897959183673,2,1,2,7
0.620109689213894,0.2631578947368425,0.48684210526315785,0.0,1.0,0.7346938775510203,0,0,0,1
0.5118829981718465,0.2631578947368425,0.5657894736842105,0.0,1.0,0.7346938775510203,0,0,0,1
0.5093235831809872,0.2631578947368425,0.513157894736842,0.0,1.0,0.6836734693877551,6,4,6,9
0.45155393053016446,0.2631578947368425,0.513157894736842,0.0,1.0,0.7346938775510203,0,0,0,0
0.43107861060329067,0.2631578947368425,0.5263157894736842,0.0,1.0,0.5244897959183673,0,0,0,0
0.3926873857404022,0.47368421052631504,0.513157894736842,0.0,1.0,0.6836734693877551,0,0,0,0
0.3930530164533821,0.47368421052631504,0.4736842105263158,0.0,1.0,0.5469387755102041,0,0,0,0
0.36197440585009144,0.47368421052631504,0.4605263157894737,0.0,1.0,0.6295918367346938,0,0,0,0
0.3521023765996344,0.47368421052631504,0.513157894736842,0.0,1.0,0.6826530612244898,0,0,0,0
0.3436928702010969,0.47368421052631504,0.5,0.0,1.0,0.6295918367346938,0,0,0,0
0.34149908592321754,0.47368421052631504,0.5,0.0,1.0,0.4204081632653061,0,0,0,0
0.3180987202925046,0.47368421052631504,0.4736842105263158,0.0,1.0,0.6326530612244897,0,0,0,0
0.313345521023766,0.47368421052631504,0.5,0.0,1.0,0.5775510204081632,0,0,0,0
0.31115173674588664,0.47368421052631504,0.513157894736842,0.0,1.0,0.4204081632653061,0,0,0,0
0.28957952468007314,0.47368421052631504,0.48684210526315785,0.0,1.0,0.4204081632653061,0,0,0,0
0.28884826325411334,0.47368421052631504,0.48684210526315785,0.0,1.0,0.4724489795918367,0,0,0,0
0.27787934186471663,0.47368421052631504,0.5,0.0,1.0,0.5816326530612245,0,0,0,0
0.28043875685557584,0.5789473684210549,0.513157894736842,0.0,1.0,0.5244897959183673,0,0,0,0
0.27385740402193787,0.5789473684210549,0.513157894736842,0.0,1.0,0.6826530612244898,0,0,0,0
0.2756855575868373,0.5789473684210549,0.48684210526315785,0.0,1.0,0.5244897959183673,0,0,0,0
0.26032906764168195,0.5789473684210549,0.5,0.0,1.0,0.4724489795918367,0,0,0,0
0.2680073126142596,0.5789473684210549,0.5,0.0,1.0,0.4204081632653061,0,0,0,0
0.2563071297989031,0.5789473684210549,0.5,0.0,1.0,0.6836734693877551,0,0,0,1
0.2610603290676417,0.6315789473684177,0.5,0.0,1.0,0.6295918367346938,0,0,0,1
0.2760511882998172,0.6315789473684177,0.5,0.0,1.0,0.7346938775510203,0,0,0,1
0.289945155393053,0.6315789473684177,0.48684210526315785,0.0,1.0,0.8979591836734694,0,0,0,1
0.31444241316270566,0.6315789473684177,0.4473684210526315,0.0,1.0,0.5244897959183673,0,0,0,1
0.3356489945155393,0.6315789473684177,0.4473684210526315,0.0,1.0,0.7346938775510203,0,0,0,1
0.3744058500914077,0.6315789473684177,0.36842105263157887,0.0,1.0,0.8397959183673469,0,0,0,1
0.38610603290676415,0.6315789473684177,0.35526315789473684,0.0,1.0,1.0,0,0,0,1
0.4361974405850091,0.6315789473684177,0.30263157894736836,0.0,1.0,0.7346938775510203,0,0,0,1
0.4354661791590494,0.6315789473684177,0.2894736842105263,0.0,1.0,0.8928571428571428,0,0,0,1
0.4797074954296161,0.6315789473684177,0.25,0.0,1.0,0.8397959183673469,0,0,0,1
0.48921389396709325,0.6315789473684177,0.25,0.0,1.0,0.7877551020408162,0,0,0,1
0.5327239488117003,0.6315789473684177,0.19736842105263153,0.0,1.0,0.9448979591836734,0,0,0,1
0.5444241316270566,0.5789473684210549,0.19736842105263153,0.0,1.0,0.6836734693877551,0,0,0,1
0.5890310786106033,0.5789473684210549,0.14473684210526316,0.0,1.0,0.9448979591836734,0,0,0,1
0.5967093235831811,0.5789473684210549,0.14473684210526316,0.0,1.0,0.9489795918367346,0,0,0,1
0.6248628884826326,0.5789473684210549,0.13157894736842102,0.0,1.0,0.7346938775510203,0,0,0,1
0.6263254113345521,0.5789473684210549,0.10526315789473684,0.0,1.0,0.6826530612244898,0,0,0,1
0.6592321755027422,0.5789473684210549,0.07894736842105265,0.0,1.0,0.6846938775510203,0,0,0,1
0.6588665447897624,0.526315789473685,0.07894736842105265,0.0,1.0,0.6836734693877551,0,0,0,1
0.6771480804387568,0.526315789473685,0.07894736842105265,0.0,1.0,0.6295918367346938,0,0,0,1
0.6756855575868372,0.526315789473685,0.07894736842105265,0.0,1.0,0.7346938775510203,0,0,0,1
0.6892138939670932,0.526315789473685,0.06578947368421051,0.0,1.0,0.7877551020408162,0,0,0,1
0.6778793418647167,0.526315789473685,0.06578947368421051,0.0,1.0,0.5775510204081632,0,0,0,1
0.6789762340036564,0.526315789473685,0.06578947368421051,0.0,1.0,0.6295918367346938,0,0,0,1
0.6793418647166362,0.526315789473685,0.06578947368421051,0.0,1.0,0.6295918367346938,0,0,0,1
0.6460694698354662,0.6315789473684177,0.05263157894736842,0.0,1.0,0.6295918367346938,0,0,0,1
0.6453382084095064,0.47368421052631504,0.07894736842105265,0.0,1.0,0.4204081632653061,0,0,0,1
0.6427787934186472,0.6315789473684177,0.07894736842105265,0.0,1.0,0.36734693877551017,0,0,0,1
0.5034734917733089,0.6315789473684177,0.09210526315789475,0.0,1.0,0.21020408163265306,0,0,0,1
0.5711151736745886,0.526315789473685,0.14473684210526316,0.0,1.0,0.21020408163265306,0,0,0,0
0.47276051188299817,0.5789473684210549,0.3157894736842105,0.0,1.0,0.3061224489795918,0,0,0,0
0.42266910420475323,0.6315789473684177,0.42105263157894735,0.0,1.0,0.26326530612244897,0,0,0,0
0.463254113345521,0.5789473684210549,0.2894736842105263,0.0,1.0,0.0,0,0,0,0
0.42266910420475323,0.6315789473684177,0.42105263157894735,0.0,1.0,0.26326530612244897,0,0,0,0
0.3904936014625228,0.6842105263157876,0.5,0.0,1.0,0.2581632653061224,0,0,0,0
0.38391224862888484,0.6315789473684177,0.381578947368421,0.0,1.0,0.0,0,0,0,0
0.3904936014625228,0.6842105263157876,0.5,0.0,1.0,0.2581632653061224,0,0,0,0
0.37221206581352834,0.6842105263157876,0.513157894736842,0.0,1.0,0.24387755102040815,0,0,0,0
0.3349177330895795,0.6842105263157876,0.4473684210526315,0.0,1.0,0.0,0,0,0,0
0.37221206581352834,0.6842105263157876,0.513157894736842,0.0,1.0,0.24387755102040815,0,0,0,0
0.3436928702010969,0.7368421052631575,0.5,0.0,1.0,0.21020408163265306,0,0,0,0
0.28884826325411334,0.7368421052631575,0.5526315789473684,0.0,1.0,0.15714285714285714,0,0,0,0
0.27202925045703835,0.7368421052631575,0.5526315789473684,0.0,1.0,0.0,0,0,0,0
0.2581352833638026,0.7368421052631575,0.5789473684210525,0.0,1.0,0.0,0,0,0,0
0.229981718464351,0.7368421052631575,0.6184210526315789,0.0,1.0,0.0,0,0,0,0
0.2073126142595978,0.7894736842105274,0.6710526315789473,0.0,1.0,0.0,0,0,0,0
0.1970749542961609,0.7894736842105274,0.6842105263157895,0.0,1.0,0.0,0,0,0,0
0.089945155393053,0.8421052631578974,0.7894736842105262,0.0,1.0,0.0,0,0,0,0
0.089945155393053,0.8421052631578974,0.8026315789473685,0.0,1.0,0.0,0,0,0,0
0.15173674588665448,0.7894736842105274,0.7631578947368421,0.0,1.0,0.0,0,0,0,0
0.05301645338208408,0.8421052631578974,0.8684210526315789,0.0,1.0,0.0,0,0,0,0
0.05301645338208408,0.8421052631578974,0.8684210526315789,0.0,1.0,0.0,0,0,0,0
0.051919561243144424,0.8421052631578974,0.8815789473684209,0.0,1.0,0.0,0,0,0,0
0.05009140767824499,0.8947368421052602,0.9078947368421052,0.0,1.0,0.0,0,0,0,0
0.03985374771480804,0.8947368421052602,0.8815789473684209,0.0,1.0,0.0,0,0,0,0
0.04899451553930531,0.8947368421052602,0.8421052631578948,0.0,1.0,0.0,0,0,0,0
0.004753199268738573,0.8947368421052602,0.9605263157894736,0.0,1.0,0.0,0,0,0,0
0.004753199268738573,0.8947368421052602,0.9605263157894736,0.0,1.0,0.0,0,0,0,0
0.0,0.8947368421052602,0.9999999999999999,0.0,1.0,0.0,0,0,0,0
0.0,0.9473684210526301,0.9078947368421052,0.0,1.0,0.0,0,0,0,1
0.0,0.9473684210526301,0.9078947368421052,0.0,1.0,0.0,0,0,0,1
0.0,0.9473684210526301,0.9999999999999999,0.0,1.0,0.0,0,0,0,1
0.05155393053016452,0.9473684210526301,0.9210526315789472,0.0,1.0,0.0,0,0,0,1
0.14478976234003654,0.9473684210526301,0.8421052631578948,0.0,1.0,0.0,0,0,0,1
0.09981718464351005,0.9473684210526301,0.8026315789473685,0.0,1.0,0.0,0,0,0,1
0.3707495429616088,0.9473684210526301,0.513157894736842,0.0,1.0,0.0,0,0,0,1
0.38062157221206583,0.9473684210526301,0.5,0.0,1.0,0.0,0,0,0,1
0.4420475319926874,0.9473684210526301,0.42105263157894735,0.0,1.0,0.0,0,0,0,1
0.5396709323583181,0.9473684210526301,0.26315789473684215,0.0,1.0,0.04591836734693877,0,0,0,1
0.5469835466179158,0.9473684210526301,0.23684210526315785,0.0,1.0,0.04591836734693877,0,0,0,1
0.5751371115173675,0.9473684210526301,0.19736842105263153,0.0,1.0,0.04591836734693877,0,0,0,1
0.6296160877513711,0.9473684210526301,0.13157894736842102,0.0,1.0,0.15714285714285714,0,0,0,1
0.6497257769652651,0.9473684210526301,0.13157894736842102,0.0,1.0,0.15714285714285714,0,0,0,1
0.6442413162705667,0.9473684210526301,0.11842105263157893,0.0,1.0,0.31530612244897954,0,0,0,1
0.6669104204753199,0.9473684210526301,0.07894736842105265,0.0,1.0,0.21020408163265306,0,0,0,1
0.6727605118829982,1.0,0.06578947368421051,0.0,1.0,0.26224489795918365,0,0,0,1
0.6815356489945155,0.9473684210526301,0.06578947368421051,0.0,1.0,0.15714285714285714,0,0,0,1
0.7045703839122487,0.9473684210526301,0.06578947368421051,0.0,1.0,0.26224489795918365,0,0,0,1
0.7082266910420475,0.9473684210526301,0.06578947368421051,0.0,1.0,0.26224489795918365,0,0,0,1
0.723217550274223,0.9473684210526301,0.05263157894736842,0.0,1.0,0.15714285714285714,0,0,0,1
0.7411334552102377,0.8947368421052602,0.03947368421052633,0.0,1.0,0.31530612244897954,0,0,0,1
0.7447897623400366,0.8947368421052602,0.05263157894736842,0.0,1.0,0.21020408163265306,0,0,0,1
0.7579524680073125,0.8947368421052602,0.05263157894736842,0.0,1.0,0.31530612244897954,0,0,0,1
0.7725776965265082,0.8947368421052602,0.03947368421052633,0.0,1.0,0.31530612244897954,0,0,0,1
0.7758683729433272,0.8947368421052602,0.03947368421052633,0.0,1.0,0.21020408163265306,0,0,0,1
0.7674588665447898,0.8947368421052602,0.03947368421052633,0.0,1.0,0.31530612244897954,0,0,0,1
0.7659963436928703,0.8421052631578974,0.05263157894736842,0.0,1.0,0.21020408163265306,0,0,0,1
0.76672760511883,0.8421052631578974,0.05263157894736842,0.0,1.0,0.6295918367346938,0,0,0,1
0.7707495429616088,0.8421052631578974,0.06578947368421051,0.0,1.0,0.6826530612244898,0,0,0,1
0.7681901279707495,0.8421052631578974,0.05263157894736842,0.0,1.0,0.31530612244897954,0,0,0,1
0.760146252285192,0.8421052631578974,0.05263157894736842,0.0,1.0,0.5244897959183673,0,0,0,1
0.7630712979890311,0.7894736842105274,0.05263157894736842,0.0,1.0,0.5244897959183673,0,0,0,1
0.7444241316270567,0.7894736842105274,0.06578947368421051,0.0,1.0,0.5244897959183673,0,0,0,1
0.736745886654479,0.7894736842105274,0.07894736842105265,0.0,1.0,0.4204081632653061,0,0,0,1
0.73308957952468,0.7894736842105274,0.07894736842105265,0.0,1.0,0.4204081632653061,0,0,0,1
0.7074954296160877,0.7894736842105274,0.09210526315789475,0.0,1.0,0.4724489795918367,0,0,0,1
0.7020109689213895,0.7894736842105274,0.10526315789473684,0.0,1.0,0.36734693877551017,0,0,0,1
0.6756855575868372,0.7894736842105274,0.06578947368421051,0.0,1.0,0.31530612244897954,0,0,0,1
0.6585009140767825,0.7894736842105274,0.14473684210526316,0.0,1.0,0.26224489795918365,0,0,0,1
0.6478976234003656,0.7894736842105274,0.14473684210526316,0.0,1.0,0.26224489795918365,0,0,0,1
0.5915904936014625,0.8421052631578974,0.07894736842105265,0.0,1.0,0.21020408163265306,0,0,0,1
0.5572212065813529,0.7894736842105274,0.22368421052631582,0.0,1.0,0.21020408163265306,0,0,0,0
0.5550274223034736,0.7894736842105274,0.22368421052631582,0.0,1.0,0.15714285714285714,0,0,0,0
0.5213893967093236,0.7894736842105274,0.25,0.0,1.0,0.0,0,0,0,0
0.4961608775137112,0.7894736842105274,0.30263157894736836,0.0,1.0,0.04591836734693877,0,0,0,0
0.49140767824497256,0.7894736842105274,0.3157894736842105,0.0,1.0,0.09081632653061224,0,0,0,0
0.4771480804387569,0.7894736842105274,0.32894736842105265,0.0,1.0,0.21020408163265306,0,0,0,0
0.46544789762340033,0.7894736842105274,0.32894736842105265,0.0,1.0,0.15714285714285714,0,0,0,0
0.46435100548446073,0.7894736842105274,0.32894736842105265,0.0,1.0,0.15714285714285714,0,0,0,0
0.4416819012797075,0.7894736842105274,0.32894736842105265,0.0,1.0,0.15714285714285714,0,0,0,0
0.436928702010969,0.7894736842105274,0.36842105263157887,0.0,1.0,0.15714285714285714,0,0,0,0
0.42888482632541136,0.7894736842105274,0.36842105263157887,0.0,1.0,0.04591836734693877,0,0,0,0
0.4230347349177331,0.7894736842105274,0.381578947368421,0.0,1.0,0.04591836734693877,0,0,0,0
0.39195612431444243,0.7894736842105274,0.4342105263157895,0.0,1.0,0.0,0,0,0,0
0.3857404021937843,0.7894736842105274,0.4605263157894737,0.0,1.0,0.0,0,0,0,0
0.3817184643510055,0.7894736842105274,0.4605263157894737,0.0,1.0,0.0,0,0,0,0
0.3652650822669104,0.7894736842105274,0.48684210526315785,0.0,1.0,0.0,0,0,0,0
0.35904936014625227,0.7894736842105274,0.5,0.0,1.0,0.0,0,0,0,0
0.3550274223034735,0.7894736842105274,0.5263157894736842,0.0,1.0,0.0,0,0,0,0
0.3177330895795247,0.7368421052631575,0.5657894736842105,0.0,1.0,0.0,0,0,0,0
0.3177330895795247,0.7368421052631575,0.5657894736842105,0.0,1.0,0.0,0,0,0,0
0.3235831809872029,0.7368421052631575,0.5789473684210525,0.0,1.0,0.0,0,0,0,0
0.3202925045703839,0.7368421052631575,0.5921052631578947,0.0,1.0,0.04591836734693877,0,0,0,0
0.31115173674588664,0.7368421052631575,0.6184210526315789,0.0,1.0,0.0,0,0,0,0
0.30347349177330896,0.7368421052631575,0.631578947368421,0.0,1.0,0.0,0,0,0,0
0.29213893967093235,0.7368421052631575,0.6578947368421052,0.0,1.0,0.0,0,0,0,0
0.29213893967093235,0.7368421052631575,0.6578947368421052,0.0,1.0,0.0,0,0,0,0
0.29213893967093235,0.7894736842105274,0.6578947368421052,0.0,1.0,0.0,0,0,0,0
0.2771480804387568,0.7368421052631575,0.6842105263157895,0.0,1.0,0.0,0,0,0,0
0.2771480804387568,0.7368421052631575,0.6842105263157895,0.0,1.0,0.0,0,0,0,0
0.2691042047531993,0.7368421052631575,0.6973684210526315,0.0,1.0,0.0,0,0,0,0
0.2764168190127971,0.7894736842105274,0.6842105263157895,0.0,1.0,0.0,0,0,0,1
0.2676416819012797,0.7894736842105274,0.6973684210526315,0.0,1.0,0.0,0,0,0,1
0.2946983546617916,0.7368421052631575,0.6578947368421052,0.0,1.0,0.0,0,0,0,1
0.32541133455210236,0.7368421052631575,0.6578947368421052,0.0,1.0,0.26224489795918365,0,0,0,1
0.3385740402193784,0.7368421052631575,0.6447368421052632,0.0,1.0,0.21020408163265306,0,0,0,1
0.40255941499085923,0.7368421052631575,0.5789473684210525,0.0,1.0,0.21020408163265306,0,0,0,1
0.4354661791590494,0.7368421052631575,0.5789473684210525,0.0,1.0,0.26224489795918365,0,0,0,1
0.46617915904936014,0.7368421052631575,0.5394736842105263,0.0,1.0,0.31530612244897954,0,0,0,1
0.48848263254113344,0.7368421052631575,0.5263157894736842,0.0,1.0,0.4724489795918367,0,0,0,1
0.5689213893967093,0.6842105263157876,0.4736842105263158,0.0,1.0,0.4724489795918367,0,0,0,1
0.5846435100548446,0.6842105263157876,0.4605263157894737,0.0,1.0,0.36734693877551017,0,0,0,1
0.6051188299817184,0.6842105263157876,0.4473684210526315,0.0,1.0,0.5775510204081632,0,0,0,1
0.6614259597806216,0.6842105263157876,0.4078947368421052,0.0,1.0,0.4724489795918367,0,0,0,1
0.6723948811700182,0.6842105263157876,0.39473684210526316,0.0,1.0,0.5244897959183673,0,0,0,1
0.6939670932358317,0.6842105263157876,0.381578947368421,0.0,1.0,0.4204081632653061,0,0,0,1
0.759780621572212,0.6315789473684177,0.3421052631578947,0.0,1.0,0.4724489795918367,0,0,0,1
0.7663619744058501,0.6315789473684177,0.32894736842105265,0.0,1.0,0.4204081632653061,0,0,0,1
0.7791590493601462,0.6315789473684177,0.3157894736842105,0.0,1.0,0.5775510204081632,0,0,0,1
0.820109689213894,0.5789473684210549,0.30263157894736836,0.0,1.0,0.4204081632653061,0,0,0,1
0.8274223034734918,0.5789473684210549,0.2894736842105263,0.0,1.0,0.6826530612244898,0,0,0,1
0.8307129798903108,0.5789473684210549,0.30263157894736836,0.0,1.0,0.5244897959183673,0,0,0,1
0.8683729433272396,0.526315789473685,0.2763157894736842,0.0,1.0,0.36734693877551017,0,0,0,1
0.8793418647166361,0.526315789473685,0.2763157894736842,0.0,1.0,0.4724489795918367,0,0,0,1
0.8892138939670933,0.526315789473685,0.2763157894736842,0.0,1.0,0.410204081632653,0,0,0,1
0.9235831809872028,0.47368421052631504,0.2763157894736842,0.0,1.0,0.5244897959183673,0,0,0,1
0.9294332723948813,0.47368421052631504,0.2763157894736842,0.0,1.0,0.5020408163265305,0,0,0,1
0.9422303473491773,0.47368421052631504,0.26315789473684215,0.0,1.0,0.4204081632653061,0,0,0,1
0.963436928702011,0.3684210526315752,0.26315789473684215,0.0,1.0,0.4204081632653061,0,0,0,1
0.9648994515539304,0.3684210526315752,0.2763157894736842,0.0,1.0,0.4204081632653061,0,0,0,1
0.9656307129798904,0.3684210526315752,0.26315789473684215,0.0,1.0,0.4724489795918367,0,0,0,1
0.9729433272394881,0.3157894736842124,0.2763157894736842,0.0,1.0,0.5244897959183673,0,0,0,1
0.9747714808043877,0.3157894736842124,0.2763157894736842,0.0,1.0,0.5244897959183673,0,0,0,1
0.9740402193784277,0.3157894736842124,0.2894736842105263,0.0,1.0,0.5775510204081632,0,0,0,1
0.960146252285192,0.3157894736842124,0.30263157894736836,0.0,1.0,0.5775510204081632,0,0,0,1
0.960146252285192,0.3157894736842124,0.30263157894736836,0.0,1.0,0.6295918367346938,0,0,0,1
0.9590493601462522,0.3157894736842124,0.30263157894736836,0.0,1.0,0.6295918367346938,0,0,0,1
0.9447897623400365,0.2631578947368425,0.3421052631578947,0.0,1.0,0.4204081632653061,0,0,0,1
0.9334552102376599,0.2631578947368425,0.35526315789473684,0.0,1.0,0.4204081632653061,0,0,0,1
0.9268738574040218,0.21052631578947256,0.36842105263157887,0.0,1.0,0.5775510204081632,0,0,0,1
0.8877513711151737,0.2631578947368425,0.381578947368421,0.0,1.0,0.31530612244897954,0,0,0,1
0.8881170018281536,0.21052631578947256,0.4078947368421052,0.0,1.0,0.36734693877551017,0,0,0,1
0.8691042047531993,0.2631578947368425,0.4078947368421052,0.0,1.0,0.4204081632653061,0,0,0,1
0.8446069469835467,0.21052631578947256,0.4473684210526315,0.0,1.0,0.4204081632653061,0,0,0,0
0.8351005484460695,0.21052631578947256,0.4605263157894737,0.0,1.0,0.36734693877551017,0,0,0,0
0.8288848263254114,0.21052631578947256,0.4736842105263158,0.0,1.0,0.4204081632653061,0,0,0,0
0.8025594149908593,0.2631578947368425,0.5,0.0,1.0,0.31530612244897954,0,0,0,0
0.8073126142595978,0.2631578947368425,0.5,0.0,1.0,0.26224489795918365,0,0,0,0
0.8003656307129798,0.2631578947368425,0.5,0.0,1.0,0.4724489795918367,0,0,0,0
0.7890310786106033,0.2631578947368425,0.5263157894736842,0.0,1.0,0.36734693877551017,0,0,0,0
0.7886654478976235,0.2631578947368425,0.5263157894736842,0.0,1.0,0.36734693877551017,0,0,0,0
0.7897623400365631,0.2631578947368425,0.5263157894736842,0.0,1.0,0.4724489795918367,0,0,0,0
0.7711151736745887,0.21052631578947256,0.5526315789473684,0.0,1.0,0.21020408163265306,0,0,0,0
0.7707495429616088,0.21052631578947256,0.5526315789473684,0.0,1.0,0.31530612244897954,0,0,0,0
0.7670932358318098,0.21052631578947256,0.5526315789473684,0.0,1.0,0.21020408163265306,0,0,0,0
0.756489945155393,0.21052631578947256,0.5789473684210525,0.86,1.0,0.09081632653061224,1,1,1,4
0.756489945155393,0.21052631578947256,0.5789473684210525,0.4,1.0,0.15714285714285714,2,1,2,3
0.7575868372943327,0.21052631578947256,0.5789473684210525,0.0,1.0,0.21020408163265306,0,0,0,0
0.736745886654479,0.21052631578947256,0.6052631578947368,0.0,1.0,0.31530612244897954,0,0,0,0
0.736745886654479,0.21052631578947256,0.6052631578947368,0.0,1.0,0.21020408163265306,0,0,0,0
0.736745886654479,0.21052631578947256,0.6052631578947368,0.0,1.0,0.26224489795918365,0,0,0,0
0.7250457038391225,0.21052631578947256,0.631578947368421,0.0,1.0,0.31938775510204076,0,0,0,0
0.7184643510054844,0.21052631578947256,0.6447368421052632,0.0,1.0,0.15714285714285714,0,0,0,0
0.706764168190128,0.21052631578947256,0.6578947368421052,0.75,1.0,0.09081632653061224,3,1,3,4
0.6691042047531992,0.2631578947368425,0.7894736842105262,1.0,1.0,0.09081632653061224,7,4,7,9
0.6625228519195612,0.2631578947368425,0.8026315789473685,1.0,1.0,0.09081632653061224,7,4,7,9
0.6511882998171846,0.21052631578947256,0.8289473684210525,0.75,1.0,0.15714285714285714,3,1,3,4
0.6372943327239489,0.21052631578947256,0.8684210526315789,0.4,1.0,0.13673469387755102,2,1,2,3
0.6372943327239489,0.21052631578947256,0.8684210526315789,0.4,1.0,0.13673469387755102,2,1,2,3
0.6292504570383912,0.21052631578947256,0.8684210526315789,0.0,1.0,0.04591836734693877,0,0,0,0
0.6098720292504571,0.21052631578947256,0.8947368421052632,0.0,0.32196780321967805,0.0,4,2,4,5
0.6025594149908592,0.2631578947368425,0.9078947368421052,0.0,0.32196780321967805,0.0,4,2,4,5
0.593418647166362,0.21052631578947256,0.9210526315789472,0.0,0.4023597640235977,0.0,4,2,4,5
0.5996343692870201,0.2631578947368425,0.9078947368421052,0.4,1.0,0.15714285714285714,2,1,2,7
0.6054844606946984,0.2631578947368425,0.9078947368421052,0.4,1.0,0.0,2,1,2,7
0.6058500914076783,0.2631578947368425,0.9078947368421052,0.75,1.0,0.04591836734693877,3,1,3,2
0.6277879341864716,0.2631578947368425,0.8815789473684209,0.0,1.0,0.13673469387755102,0,0,0,1
0.6314442413162706,0.2631578947368425,0.8684210526315789,0.0,1.0,0.15714285714285714,0,0,0,1
0.6442413162705667,0.3157894736842124,0.8684210526315789,0.0,1.0,0.15714285714285714,0,0,0,1
0.70018281535649,0.3157894736842124,0.7894736842105262,0.0,1.0,0.36734693877551017,0,0,0,1
0.6829981718464352,0.3157894736842124,0.8157894736842105,0.4,1.0,0.26224489795918365,2,1,2,7
0.7191956124314443,0.3157894736842124,0.7631578947368421,0.4,1.0,0.31530612244897954,2,1,2,7
0.7316270566727605,0.3684210526315752,0.7105263157894736,1.0,1.0,0.4724489795918367,1,1,1,2
0.736745886654479,0.3684210526315752,0.6842105263157895,0.75,1.0,0.6295918367346938,3,1,3,2
0.7557586837294332,0.3684210526315752,0.6578947368421052,1.0,1.0,0.31530612244897954,1,1,1,2
0.7762340036563071,0.3684210526315752,0.6052631578947368,0.75,1.0,0.36734693877551017,3,1,3,2
0.7912248628884826,0.3684210526315752,0.5789473684210525,0.75,1.0,0.5775510204081632,3,1,3,2
0.8120658135283364,0.3684210526315752,0.5394736842105263,0.4,1.0,0.36734693877551017,2,1,2,7
0.8270566727605119,0.3684210526315752,0.513157894736842,0.75,1.0,0.5244897959183673,3,1,3,2
0.823034734917733,0.3684210526315752,0.5,0.75,1.0,0.36734693877551017,3,1,3,2
0.8255941499085924,0.3684210526315752,0.513157894736842,0.75,1.0,0.36734693877551017,3,1,3,2
0.8519195612431444,0.3684210526315752,0.4605263157894737,0.75,1.0,0.4204081632653061,3,1,3,2
0.8658135283363804,0.3684210526315752,0.42105263157894735,0.4,1.0,0.4724489795918367,2,1,2,7
0.8720292504570384,0.3684210526315752,0.4078947368421052,0.75,1.0,0.6295918367346938,3,1,3,2
0.8877513711151737,0.3684210526315752,0.36842105263157887,0.0,1.0,0.5244897959183673,0,0,0,1
0.8943327239488117,0.3684210526315752,0.35526315789473684,0.0,1.0,0.5244897959183673,0,0,0,1
0.9027422303473491,0.3684210526315752,0.35526315789473684,0.0,1.0,0.5775510204081632,0,0,0,1
0.9148080438756856,0.3157894736842124,0.32894736842105265,0.0,1.0,0.4724489795918367,0,0,0,1
0.9261425959780623,0.3157894736842124,0.3157894736842105,0.0,1.0,0.4724489795918367,0,0,0,1
0.9159049360146252,0.3684210526315752,0.32894736842105265,0.0,1.0,0.4204081632653061,0,0,0,1
0.9272394881170019,0.3157894736842124,0.30263157894736836,0.4,1.0,0.5775510204081632,2,1,2,7
0.9334552102376599,0.3157894736842124,0.30263157894736836,0.0,1.0,0.45612244897959175,0,0,0,1
0.9217550274223034,0.3157894736842124,0.30263157894736836,0.0,1.0,0.5244897959183673,0,0,0,1
0.9374771480804387,0.3157894736842124,0.2763157894736842,0.0,1.0,0.36734693877551017,0,0,0,1
0.9261425959780623,0.3157894736842124,0.25,0.4,1.0,0.4724489795918367,2,1,2,7
0.9404021937842779,0.2631578947368425,0.26315789473684215,0.4,1.0,0.5775510204081632,2,1,2,7
0.9297989031078611,0.2631578947368425,0.26315789473684215,0.0,1.0,0.36734693877551017,0,0,0,1
0.9276051188299816,0.2631578947368425,0.25,0.0,1.0,0.31530612244897954,0,0,0,1
0.9177330895795247,0.3157894736842124,0.2763157894736842,0.0,1.0,0.36734693877551017,0,0,0,1
0.9038391224862888,0.3157894736842124,0.2894736842105263,0.0,1.0,0.21020408163265306,0,0,0,1
0.8925045703839123,0.3157894736842124,0.2763157894736842,0.0,1.0,0.26224489795918365,0,0,0,1
0.8409506398537477,0.3684210526315752,0.26315789473684215,0.0,1.0,0.26224489795918365,0,0,0,1
0.8076782449725778,0.3684210526315752,0.2894736842105263,0.0,1.0,0.15714285714285714,0,0,0,1
0.8091407678244973,0.3684210526315752,0.30263157894736836,0.0,1.0,0.15714285714285714,0,0,0,1
0.7678244972577697,0.3684210526315752,0.32894736842105265,0.0,1.0,0.15714285714285714,0,0,0,1
0.7627056672760513,0.3157894736842124,0.4473684210526315,0.0,1.0,0.04591836734693877,0,0,0,0
0.7590493601462522,0.3684210526315752,0.42105263157894735,0.0,1.0,0.09081632653061224,0,0,0,0
0.6292504570383912,0.4210526315789451,0.4736842105263158,0.0,1.0,0.31530612244897954,0,0,0,0
0.6826325411334552,0.4210526315789451,0.4342105263157895,0.0,1.0,0.21020408163265306,0,0,0,0
0.6712979890310786,0.4210526315789451,0.4342105263157895,0.0,1.0,0.21020408163265306,0,0,0,0
0.6351005484460694,0.4210526315789451,0.5,0.0,1.0,0.15714285714285714,0,0,0,0
0.6127970749542961,0.4210526315789451,0.5,0.0,1.0,0.0,0,0,0,0
0.5864716636197441,0.4210526315789451,0.5394736842105263,0.0,1.0,0.0,0,0,0,0
0.5776965265082267,0.4210526315789451,0.5526315789473684,0.0,1.0,0.0,0,0,0,0
0.5572212065813529,0.4210526315789451,0.5657894736842105,0.0,1.0,0.0,0,0,0,0
0.5480804387568555,0.4210526315789451,0.5789473684210525,0.0,1.0,0.0,0,0,0,0
0.5352833638025594,0.4210526315789451,0.5921052631578947,0.0,1.0,0.0,0,0,0,0
0.5071297989031079,0.4210526315789451,0.631578947368421,0.0,1.0,0.0,0,0,0,0
0.506764168190128,0.4210526315789451,0.6447368421052632,0.0,1.0,0.0,0,0,0,0
0.4950639853747715,0.4210526315789451,0.6578947368421052,0.0,1.0,0.0,0,0,0,0
0.47056672760511886,0.4210526315789451,0.6973684210526315,0.0,1.0,0.0,0,0,0,0
0.47020109689213896,0.4210526315789451,0.6973684210526315,0.0,1.0,0.0,0,0,0,0
0.456672760511883,0.4210526315789451,0.7105263157894736,0.0,1.0,0.0,0,0,0,0
0.45009140767824496,0.4210526315789451,0.7368421052631579,0.0,1.0,0.0,0,0,0,0
0.44753199268738575,0.4210526315789451,0.7499999999999999,0.0,1.0,0.15714285714285714,0,0,0,0
0.43107861060329067,0.4210526315789451,0.7499999999999999,0.0,1.0,0.15714285714285714,0,0,0,0
0.42778793418647165,0.4210526315789451,0.7499999999999999,0.0,1.0,0.0,0,0,0,0
0.4212065813528336,0.4210526315789451,0.7499999999999999,0.0,1.0,0.0,0,0,0,0
0.42230347349177333,0.4210526315789451,0.7631578947368421,0.0,1.0,0.0,0,0,0,0
0.4212065813528336,0.4210526315789451,0.7763157894736842,0.0,1.0,0.0,0,0,0,0
0.4208409506398537,0.4210526315789451,0.7894736842105262,0.0,1.0,0.15714285714285714,0,0,0,0
0.42669104204753194,0.4210526315789451,0.7763157894736842,0.0,1.0,0.21020408163265306,0,0,0,0
0.44643510054844604,0.4210526315789451,0.7631578947368421,0.75,1.0,0.26224489795918365,3,1,3,4
0.44789762340036565,0.4210526315789451,0.7499999999999999,1.0,1.0,0.26224489795918365,1,1,1,4
0.45045703839122486,0.4210526315789451,0.7499999999999999,1.0,1.0,0.21020408163265306,1,1,1,4
0.44753199268738575,0.4210526315789451,0.7763157894736842,1.0,1.0,0.15714285714285714,1,1,1,2
0.44789762340036565,0.4210526315789451,0.7763157894736842,0.75,1.0,0.15714285714285714,5,3,5,6
0.4420475319926874,0.4210526315789451,0.7894736842105262,0.4,1.0,0.15714285714285714,2,1,2,7
0.48555758683729433,0.47368421052631504,0.7763157894736842,0.75,1.0,0.21020408163265306,3,1,3,2
0.4954296160877514,0.47368421052631504,0.7631578947368421,0.75,1.0,0.21020408163265306,3,1,3,2
0.5224862888482633,0.47368421052631504,0.7368421052631579,0.75,1.0,0.26224489795918365,3,1,3,2
0.5835466179159049,0.47368421052631504,0.6578947368421052,0.0,1.0,0.31530612244897954,0,0,0,1
0.5963436928702011,0.47368421052631504,0.631578947368421,0.0,1.0,0.4204081632653061,0,0,0,1
0.6080438756855576,0.47368421052631504,0.5789473684210525,0.4,1.0,0.26224489795918365,2,1,2,7
0.6650822669104205,0.47368421052631504,0.4342105263157895,0.75,1.0,0.31530612244897954,3,1,3,2
0.6702010968921389,0.47368421052631504,0.42105263157894735,0.75,1.0,0.31530612244897954,3,1,3,2
0.6928702010968921,0.47368421052631504,0.39473684210526316,0.4,1.0,0.36734693877551017,2,1,2,7
0.7294332723948812,0.47368421052631504,0.35526315789473684,0.0,1.0,0.4724489795918367,0,0,0,1
0.7393053016453383,0.47368421052631504,0.35526315789473684,0.0,1.0,0.36734693877551017,0,0,0,1
0.7444241316270567,0.47368421052631504,0.35526315789473684,0.0,1.0,0.36734693877551017,0,0,0,1
0.7670932358318098,0.4210526315789451,0.3421052631578947,0.0,1.0,0.5244897959183673,0,0,0,1
0.7623400365630713,0.47368421052631504,0.32894736842105265,0.0,1.0,0.4724489795918367,0,0,0,1
0.7678244972577697,0.47368421052631504,0.32894736842105265,0.0,1.0,0.4724489795918367,0,0,0,1
0.813528336380256,0.4210526315789451,0.36842105263157887,0.0,1.0,0.5244897959183673,0,0,0,1
0.816453382084095,0.4210526315789451,0.36842105263157887,0.4,1.0,0.4724489795918367,2,1,2,7
0.8263254113345521,0.4210526315789451,0.36842105263157887,0.4,1.0,0.36734693877551017,2,1,2,7
0.8669104204753199,0.3684210526315752,0.381578947368421,0.0,1.0,0.36734693877551017,0,0,0,1
0.8793418647166361,0.3684210526315752,0.381578947368421,0.0,1.0,0.4724489795918367,0,0,0,1
0.8698354661791591,0.3684210526315752,0.39473684210526316,0.0,1.0,0.5775510204081632,0,0,0,1
0.9137111517367459,0.3157894736842124,0.4342105263157895,0.0,1.0,0.5244897959183673,0,0,0,1
0.9089579524680074,0.3157894736842124,0.4473684210526315,0.0,1.0,0.4724489795918367,0,0,0,1
0.9053016453382084,0.3157894736842124,0.4605263157894737,0.0,1.0,0.4724489795918367,0,0,0,1
0.9283363802559415,0.2631578947368425,0.4736842105263158,0.0,1.0,0.4724489795918367,0,0,0,1
0.9319926873857405,0.2631578947368425,0.4736842105263158,0.0,1.0,0.36530612244897953,0,0,0,1
0.9349177330895797,0.2631578947368425,0.48684210526315785,0.0,1.0,0.5244897959183673,0,0,0,1
0.9422303473491773,0.21052631578947256,0.513157894736842,0.4,1.0,0.4204081632653061,2,1,2,7
0.9290676416819013,0.21052631578947256,0.513157894736842,0.4,1.0,0.4204081632653061,2,1,2,7
0.9341864716636197,0.21052631578947256,0.513157894736842,0.0,1.0,0.4724489795918367,0,0,0,1
0.9005484460694698,0.15789473684210265,0.5657894736842105,0.0,1.0,0.36734693877551017,0,0,0,1
0.8972577696526508,0.15789473684210265,0.5789473684210525,0.0,1.0,0.4204081632653061,0,0,0,1
0.8775137111517368,0.21052631578947256,0.48684210526315785,0.0,1.0,0.36734693877551017,0,0,0,1
0.8775137111517368,0.21052631578947256,0.48684210526315785,0.0,1.0,0.36734693877551017,0,0,0,1
0.8595978062157221,0.15789473684210265,0.6184210526315789,0.0,1.0,0.4724489795918367,0,0,0,1
0.8595978062157221,0.15789473684210265,0.6184210526315789,0.0,1.0,0.5775510204081632,0,0,0,1
0.8530164533820841,0.15789473684210265,0.6052631578947368,0.0,1.0,0.4724489795918367,0,0,0,1
0.8409506398537477,0.21052631578947256,0.5394736842105263,0.0,1.0,0.4204081632653061,0,0,0,1
0.8409506398537477,0.15789473684210265,0.5394736842105263,0.0,1.0,0.31530612244897954,0,0,0,1
0.806946983546618,0.15789473684210265,0.5789473684210525,0.0,1.0,0.4204081632653061,0,0,0,1
0.7718464351005485,0.15789473684210265,0.631578947368421,0.0,1.0,0.4204081632653061,0,0,0,1
0.786837294332724,0.10526315789473983,0.631578947368421,0.0,1.0,0.31530612244897954,0,0,0,1
0.7678244972577697,0.15789473684210265,0.6447368421052632,0.0,1.0,0.31530612244897954,0,0,0,1
0.7678244972577697,0.15789473684210265,0.6447368421052632,0.0,1.0,0.36734693877551017,0,0,0,1
0.7678244972577697,0.15789473684210265,0.6447368421052632,0.0,1.0,0.4204081632653061,0,0,0,0
0.7360146252285192,0.15789473684210265,0.6973684210526315,0.0,1.0,0.26224489795918365,0,0,0,0
0.7407678244972578,0.21052631578947256,0.6842105263157895,0.0,1.0,0.31530612244897954,0,0,0,0
0.7316270566727605,0.21052631578947256,0.7105263157894736,0.0,1.0,0.26224489795918365,0,0,0,0
0.7517367458866545,0.15789473684210265,0.7368421052631579,0.0,1.0,0.26224489795918365,0,0,0,0
0.7521023765996344,0.10526315789473983,0.7368421052631579,0.0,1.0,0.26224489795918365,0,0,0,0
0.7517367458866545,0.10526315789473983,0.7368421052631579,0.0,1.0,0.31530612244897954,0,0,0,0
0.750274223034735,0.15789473684210265,0.7368421052631579,0.0,1.0,0.21020408163265306,0,0,0,0
0.740036563071298,0.15789473684210265,0.7631578947368421,0.0,1.0,0.21020408163265306,0,0,0,0
0.7316270566727605,0.15789473684210265,0.7763157894736842,0.0,1.0,0.21020408163265306,0,0,0,0
0.7261425959780622,0.15789473684210265,0.7894736842105262,0.0,1.0,0.21020408163265306,0,0,0,0
0.723217550274223,0.10526315789473983,0.8026315789473685,0.0,1.0,0.15714285714285714,0,0,0,0
0.7217550274223035,0.10526315789473983,0.8157894736842105,0.0,1.0,0.04591836734693877,0,0,0,0
0.713345521023766,0.10526315789473983,0.8157894736842105,0.0,1.0,0.15714285714285714,0,0,0,0
0.7162705667276051,0.10526315789473983,0.8157894736842105,0.0,1.0,0.15714285714285714,0,0,0,0
0.7093235831809872,0.10526315789473983,0.8289473684210525,0.0,1.0,0.0,0,0,0,0
0.6983546617915904,0.10526315789473983,0.8289473684210525,0.0,1.0,0.0,0,0,0,0
0.6983546617915904,0.10526315789473983,0.8421052631578948,0.0,1.0,0.0,0,0,0,0
0.6804387568555759,0.10526315789473983,0.8421052631578948,0.0,1.0,0.0,0,0,0,0
0.6756855575868372,0.10526315789473983,0.8552631578947368,0.0,1.0,0.0,0,0,0,0
0.6643510054844607,0.10526315789473983,0.8552631578947368,0.0,1.0,0.0,0,0,0,0
0.6647166361974406,0.10526315789473983,0.8552631578947368,0.0,1.0,0.21020408163265306,0,0,0,0
0.6464351005484461,0.10526315789473983,0.8684210526315789,0.0,1.0,0.0,0,0,0,0
0.6424131627056674,0.10526315789473983,0.8684210526315789,0.0,1.0,0.0,0,0,0,0
0.6380255941499087,0.10526315789473983,0.8552631578947368,0.0,1.0,0.0,0,0,0,0
0.6592321755027422,0.05263157894736992,0.8289473684210525,1.0,1.0,0.21020408163265306,1,1,1,4
0.6680073126142596,0.05263157894736992,0.8026315789473685,1.0,1.0,0.21020408163265306,1,1,1,4
0.6734917733089579,0.05263157894736992,0.7894736842105262,1.0,1.0,0.31530612244897954,1,1,1,4
0.693235831809872,0.05263157894736992,0.7499999999999999,1.0,1.0,0.36734693877551017,1,1,1,4
0.6961608775137111,0.05263157894736992,0.7368421052631579,1.0,1.0,0.4204081632653061,1,1,1,4
0.6837294332723949,0.10526315789473983,0.7499999999999999,1.0,1.0,0.31530612244897954,1,1,1,4
0.5967093235831811,0.10526315789473983,0.8421052631578948,1.0,1.0,0.26224489795918365,1,1,1,4
0.6288848263254113,0.10526315789473983,0.7631578947368421,1.0,1.0,0.26224489795918365,1,1,1,4
0.6230347349177331,0.10526315789473983,0.8026315789473685,1.0,1.0,0.36734693877551017,1,1,1,4
0.6442413162705667,0.10526315789473983,0.7763157894736842,1.0,1.0,0.36734693877551017,1,1,1,4
0.6760511882998171,0.05263157894736992,0.7631578947368421,1.0,1.0,0.21020408163265306,1,1,1,4
0.6881170018281536,0.10526315789473983,0.7499999999999999,1.0,1.0,0.21020408163265306,1,1,1,4
0.6851919561243145,0.10526315789473983,0.7631578947368421,1.0,1.0,0.26224489795918365,1,1,1,4
0.6508226691042047,0.10526315789473983,0.8289473684210525,1.0,1.0,0.26224489795918365,1,1,1,4
0.6548446069469837,0.10526315789473983,0.8026315789473685,0.4,1.0,0.15714285714285714,2,1,2,3
0.6468007312614259,0.10526315789473983,0.8026315789473685,0.4,1.0,0.15714285714285714,2,1,2,3
0.6669104204753199,0.05263157894736992,0.7763157894736842,0.0,1.0,0.15714285714285714,0,0,0,0
0.6636197440585009,0.05263157894736992,0.7763157894736842,0.0,1.0,0.15714285714285714,0,0,0,0
0.6219378427787934,0.10526315789473983,0.8421052631578948,0.0,1.0,0.15714285714285714,0,0,0,0
0.6321755027422303,0.10526315789473983,0.8157894736842105,0.0,1.0,0.15714285714285714,0,0,0,0
0.6296160877513711,0.10526315789473983,0.8157894736842105,0.0,1.0,0.15714285714285714,0,0,0,0
0.6241316270566728,0.10526315789473983,0.8157894736842105,0.0,1.0,0.0,0,0,0,0
0.6372943327239489,0.05263157894736992,0.8157894736842105,0.4,1.0,0.21020408163265306,2,1,2,3
0.6248628884826326,0.05263157894736992,0.8289473684210525,0.4,1.0,0.15714285714285714,2,1,2,3
0.613528336380256,0.10526315789473983,0.8421052631578948,0.0,1.0,0.0,0,0,0,0
0.6084095063985374,0.10526315789473983,0.8421052631578948,0.0,1.0,0.15714285714285714,0,0,0,0
0.6329067641681901,0.10526315789473983,0.8157894736842105,0.4,1.0,0.15714285714285714,2,1,2,7
0.6329067641681901,0.10526315789473983,0.8157894736842105,0.4,1.0,0.0,2,1,2,7
0.6387568555758684,0.10526315789473983,0.8026315789473685,0.4,1.0,0.0,2,1,2,7
0.6340036563071298,0.10526315789473983,0.8157894736842105,0.4,1.0,0.15714285714285714,2,1,2,7
0.6515539305301646,0.15789473684210265,0.8157894736842105,0.4,1.0,0.15714285714285714,2,1,2,7
0.657038391224863,0.15789473684210265,0.8026315789473685,0.0,1.0,0.15714285714285714,0,0,0,1
0.6519195612431444,0.15789473684210265,0.8026315789473685,0.0,1.0,0.0,0,0,0,1
0.6581352833638027,0.10526315789473983,0.7894736842105262,0.0,1.0,0.0,0,0,0,1
0.6742230347349177,0.10526315789473983,0.7763157894736842,0.0,1.0,0.31530612244897954,0,0,0,1
0.6961608775137111,0.15789473684210265,0.7499999999999999,0.0,1.0,0.31530612244897954,0,0,0,1
0.7049360146252285,0.15789473684210265,0.7368421052631579,0.0,1.0,0.21020408163265306,0,0,0,1
0.6983546617915904,0.15789473684210265,0.7499999999999999,0.0,1.0,0.21020408163265306,0,0,0,1
0.753564899451554,0.15789473684210265,0.6710526315789473,0.0,1.0,0.4204081632653061,0,0,0,1
0.7648994515539306,0.15789473684210265,0.6710526315789473,0.0,1.0,0.36734693877551017,0,0,0,1
0.7890310786106033,0.15789473684210265,0.6447368421052632,0.0,1.0,0.31530612244897954,0,0,0,1
0.7882998171846435,0.15789473684210265,0.631578947368421,0.0,1.0,0.36734693877551017,0,0,0,1
0.7945155393053016,0.15789473684210265,0.6184210526315789,0.0,1.0,0.4204081632653061,0,0,0,1
0.7956124314442413,0.15789473684210265,0.6184210526315789,0.0,1.0,0.31530612244897954,0,0,0,1
0.816453382084095,0.15789473684210265,0.5921052631578947,0.0,1.0,0.31530612244897954,0,0,0,1
0.8369287020109689,0.15789473684210265,0.5789473684210525,0.0,1.0,0.36734693877551017,0,0,0,1
0.8413162705667276,0.15789473684210265,0.5657894736842105,0.0,1.0,0.31530612244897954,0,0,0,1
0.8537477148080439,0.15789473684210265,0.5526315789473684,0.4,1.0,0.36734693877551017,2,1,2,7
0.8680073126142596,0.15789473684210265,0.5394736842105263,0.4,1.0,0.36734693877551017,2,1,2,7
0.8877513711151737,0.15789473684210265,0.513157894736842,0.4,1.0,0.31530612244897954,2,1,2,7
0.9023765996343693,0.15789473684210265,0.4736842105263158,0.4,1.0,0.4724489795918367,2,1,2,7
0.8979890310786106,0.15789473684210265,0.4736842105263158,0.4,1.0,0.4204081632653061,2,1,2,7
0.9023765996343693,0.15789473684210265,0.4473684210526315,0.4,1.0,0.26224489795918365,2,1,2,7
0.9294332723948813,0.15789473684210265,0.4342105263157895,0.4,1.0,0.21020408163265306,2,1,2,7
0.9330895795246801,0.15789473684210265,0.4078947368421052,0.75,1.0,0.5244897959183673,3,1,3,2
0.9371115173674589,0.15789473684210265,0.39473684210526316,0.4,1.0,0.4204081632653061,2,1,2,7
0.9327239488117003,0.15789473684210265,0.381578947368421,0.4,1.0,0.4204081632653061,2,1,2,7
0.9374771480804387,0.10526315789473983,0.381578947368421,0.4,1.0,0.26224489795918365,2,1,2,7
0.9623400365630714,0.10526315789473983,0.36842105263157887,0.4,1.0,0.5020408163265305,2,1,2,7
0.9553930530164534,0.10526315789473983,0.36842105263157887,0.4,1.0,0.36734693877551017,2,1,2,7
0.9572212065813528,0.10526315789473983,0.35526315789473684,0.4,1.0,0.36734693877551017,2,1,2,7
0.9718464351005485,0.10526315789473983,0.32894736842105265,0.4,1.0,0.5244897959183673,2,1,2,7
0.9597806215722122,0.10526315789473983,0.3421052631578947,0.4,1.0,0.31530612244897954,2,1,2,7
0.960146252285192,0.10526315789473983,0.3421052631578947,0.4,1.0,0.4724489795918367,2,1,2,7
0.9725776965265083,0.10526315789473983,0.32894736842105265,0.4,1.0,0.45612244897959175,2,1,2,7
0.9703839122486289,0.10526315789473983,0.3421052631578947,0.0,1.0,0.27346938775510204,0,0,0,1
0.993418647166362,0.10526315789473983,0.32894736842105265,0.4,1.0,0.15714285714285714,2,1,2,7
0.9864716636197439,0.10526315789473983,0.32894736842105265,0.75,1.0,0.31530612244897954,3,1,3,2
0.9908592321755028,0.10526315789473983,0.3157894736842105,0.75,1.0,0.31530612244897954,3,1,3,2
0.9948811700182816,0.10526315789473983,0.30263157894736836,0.75,1.0,0.31530612244897954,3,1,3,2
0.9842778793418647,0.05263157894736992,0.3157894736842105,1.0,1.0,0.15714285714285714,1,1,1,2
0.9828153564899451,0.05263157894736992,0.32894736842105265,1.0,1.0,0.15714285714285714,1,1,1,2
0.9758683729433273,0.05263157894736992,0.32894736842105265,0.4,1.0,0.21020408163265306,2,1,2,7
0.9784277879341865,0.05263157894736992,0.30263157894736836,0.0,1.0,0.21020408163265306,0,0,0,1
0.9890310786106034,0.05263157894736992,0.30263157894736836,0.0,1.0,0.26224489795918365,0,0,0,1
1.0,0.05263157894736992,0.30263157894736836,0.0,1.0,0.36734693877551017,0,0,0,1
0.9882998171846435,0.05263157894736992,0.32894736842105265,0.0,1.0,0.4204081632653061,0,0,0,1
0.9597806215722122,0.05263157894736992,0.3421052631578947,0.0,1.0,0.31530612244897954,0,0,0,1
0.9436928702010969,0.05263157894736992,0.36842105263157887,0.0,1.0,0.15714285714285714,0,0,0,1
0.9250457038391224,0.05263157894736992,0.39473684210526316,0.75,1.0,0.36734693877551017,8,4,8,8
0.9374771480804387,0.05263157894736992,0.4078947368421052,0.75,1.0,0.21020408163265306,3,1,3,2
0.9480804387568555,0.05263157894736992,0.4078947368421052,0.4,1.0,0.31530612244897954,2,1,2,7
0.9031078610603291,0.10526315789473983,0.4342105263157895,0.75,1.0,0.26224489795918365,3,1,3,2
0.9305301645338209,0.05263157894736992,0.4342105263157895,0.0,1.0,0.31530612244897954,0,0,0,1
0.913345521023766,0.05263157894736992,0.4342105263157895,0.0,1.0,0.21020408163265306,0,0,0,1
0.8705667276051189,0.05263157894736992,0.5263157894736842,0.0,1.0,0.21020408163265306,0,0,0,1
0.8734917733089579,0.0,0.5263157894736842,0.0,1.0,0.21020408163265306,0,0,0,1
0.8310786106032906,0.05263157894736992,0.5921052631578947,0.0,1.0,0.21020408163265306,0,0,0,1
0.7795246800731263,0.05263157894736992,0.6447368421052632,0.4,1.0,0.0,2,1,2,3
0.7561243144424132,0.05263157894736992,0.6842105263157895,0.0,1.0,0.0,0,0,0,0
0.7089579524680073,0.10526315789473983,0.7368421052631579,0.0,1.0,0.0,0,0,0,0
0.7148080438756855,0.05263157894736992,0.7368421052631579,0.4,1.0,0.0,2,1,2,3
0.6837294332723949,0.10526315789473983,0.7499999999999999,0.0,1.0,0.0,0,0,0,0
0.6990859232175503,0.10526315789473983,0.7105263157894736,0.0,1.0,0.0,0,0,0,0
0.6723948811700182,0.10526315789473983,0.7236842105263158,0.0,1.0,0.0,0,0,0,0
0.6595978062157222,0.05263157894736992,0.7368421052631579,0.0,1.0,0.0,0,0,0,0
