timestamp,temperature,air_pressure,humidity,dew_point,clouds,visibility,wind_speed,wind_degrees,owm_weather_id_enc,owm_weather_main_enc,owm_weather_description_enc,owm_weather_icon_enc
1745036586,22.52,1018,51,11.89,0,10000,7.2,230,0,0,0,0
1745037166,22.37,1018,51,11.75,0,10000,7.2,220,0,0,0,0
1745040186,21.94,1018,53,11.94,0,10000,5.14,220,0,0,0,0
1745040766,21.64,1018,53,11.66,0,10000,5.14,220,0,0,0,0
1745043786,21.24,1018,56,12.12,0,10000,6.2,220,0,0,0,0
1745044366,21.07,1018,56,11.96,0,10000,4.12,220,0,0,0,0
1745047386,20.8,1018,60,12.76,0,10000,4.12,230,0,0,0,0
1745047966,20.8,1018,60,12.76,0,10000,3.6,220,0,0,0,0
1745050986,20.32,1018,62,12.81,0,10000,4.63,220,0,0,0,0
1745051566,20.32,1018,62,12.81,0,10000,4.12,220,0,0,0,0
1745054586,20.15,1018,63,12.89,0,10000,4.63,220,0,0,0,0
1745055166,19.73,1018,61,12.0,0,10000,4.63,230,0,0,0,0
1745058186,20.14,1018,66,13.59,0,10000,2.06,180,0,0,0,0
1745058766,20.12,1019,66,13.58,0,10000,2.57,180,0,0,0,1
1745061786,19.61,1019,68,13.55,0,10000,2.6,220,0,0,0,1
1745062366,19.61,1019,68,13.55,0,10000,3.6,210,0,0,0,1
1745065386,19.97,1019,68,13.89,0,10000,4.1,220,0,0,0,1
1745065966,19.89,1019,68,13.82,0,10000,3.6,220,0,0,0,1
1745068986,20.51,1019,68,14.41,0,10000,4.12,230,0,0,0,1
1745069566,20.51,1020,68,14.41,0,10000,3.6,200,0,0,0,1
1745072586,21.22,1020,66,14.62,0,10000,4.12,220,0,0,0,1
1745073166,21.22,1020,67,14.85,0,10000,5.14,220,0,0,0,1
1745076186,21.66,1020,66,15.04,0,10000,4.63,220,0,0,0,1
1745076766,21.66,1020,66,15.04,0,10000,5.14,210,0,0,0,1
1745079786,22.22,1020,65,15.33,0,10000,4.63,210,0,0,0,1
1745080366,22.63,1019,67,16.2,0,10000,3.09,190,0,0,0,1
1745083386,23.0,1019,62,15.33,0,10000,4.63,210,0,0,0,1
1745083966,23.55,1019,63,16.1,0,10000,3.6,190,0,0,0,1
1745086986,25.34,1019,56,15.94,0,10000,4.12,210,0,0,0,1
1745087566,26.03,1019,55,16.29,0,10000,5.7,210,0,0,0,1
1745090586,26.46,1019,54,16.41,0,10000,4.63,220,0,0,0,1
1745091166,26.52,1017,53,16.17,0,10000,4.12,220,0,0,0,1
1745094186,26.63,1017,54,16.56,0,10000,4.63,210,0,0,0,1
1745094766,26.77,1017,53,16.4,0,10000,4.63,210,0,0,0,1
1745097786,26.91,1017,52,16.23,0,10000,3.6,200,0,0,0,1
1745098366,27.21,1017,52,16.51,0,10000,3.6,190,0,0,0,1
1745101386,27.19,1017,51,16.18,0,10000,5.7,210,0,0,0,1
1745101966,27.02,1019,52,16.33,0,10000,5.7,210,0,0,0,1
1745104986,26.22,1019,54,16.18,0,10000,3.09,210,0,0,0,1
1745105566,25.92,1019,55,16.19,0,10000,3.1,210,0,0,0,1
1745108586,24.82,1019,61,16.79,0,10000,0.45,112,0,0,0,0
1745109166,24.67,1019,62,16.91,0,10000,0.45,112,0,0,0,0
1745112186,25.0,1019,61,16.96,0,10000,1.54,190,0,0,0,0
1745112766,25.25,1019,60,16.94,0,10000,2.06,210,0,0,0,0
1745115786,24.68,1019,62,16.92,0,10000,3.1,220,0,0,0,0
1745116366,24.2,1019,62,16.46,0,10000,3.1,220,0,0,0,0
1745119386,23.76,1019,67,17.27,0,10000,1.54,150,0,0,0,0
1745119966,23.4,1019,67,16.93,0,10000,0.89,115,0,0,0,0
1745122986,21.33,1019,72,16.08,0,10000,2.1,200,0,0,0,0
1745123566,21.36,1019,73,16.33,0,10000,0.45,191,0,0,0,0
1745126586,20.17,1019,79,16.41,0,10000,0.0,0,0,0,0,0
1745127166,18.91,1019,83,15.96,0,10000,0.0,0,0,0,0,0
1745130186,18.71,1019,84,15.95,0,10000,0.0,0,0,0,0,0
1745130766,18.73,1019,84,15.97,0,10000,0.0,0,0,0,0,0
1745131358,18.06,1019,86,15.68,0,10000,1.54,240,0,0,0,0
1745133786,18.33,1019,86,15.95,0,10000,0.0,0,0,0,0,0
1745134366,17.95,1021,87,15.76,0,10000,0.0,0,0,0,0,0
1745134958,17.95,1021,87,15.76,0,10000,0.0,0,0,0,0,0
1745137386,18.8,1021,82,15.66,0,10000,1.54,300,0,0,0,0
1745137966,19.02,1021,80,15.49,0,10000,2.06,310,0,0,0,0
1745138558,19.91,1021,77,15.76,0,10000,2.1,310,0,0,0,0
1745140986,21.03,1021,71,15.57,0,10000,2.6,320,0,0,0,0
1745141566,20.96,1021,70,15.29,0,10000,3.6,300,0,0,0,0
1745142158,21.16,1021,68,15.03,0,10000,3.6,310,0,0,0,0
1745144586,21.22,1021,71,15.76,100,-1,1.34,105,1,1,1,2
1745145166,20.47,1024,70,14.82,0,10000,1.54,310,0,0,0,1
1745145758,20.71,1024,71,15.27,0,10000,2.06,290,0,0,0,1
1745148186,19.66,1024,73,14.69,0,10000,0.0,0,0,0,0,1
1745148766,20.01,1024,74,15.24,0,10000,2.1,310,0,0,0,1
1745149358,20.35,1024,71,14.92,0,10000,3.1,310,0,0,0,1
1745151786,21.1,1024,60,13.04,0,10000,5.14,320,0,0,0,1
1745152366,21.1,1024,60,13.04,0,10000,4.12,300,0,0,0,1
1745152958,21.1,1024,60,13.04,0,10000,4.12,300,0,0,0,1
1745155386,21.1,1024,58,12.52,0,10000,4.12,330,0,0,0,1
1745155966,21.1,1025,56,11.99,0,10000,4.12,330,0,0,0,1
1745156558,21.1,1025,56,11.99,0,10000,3.6,340,0,0,0,1
1745158986,21.1,1025,52,10.87,0,10000,4.63,310,0,0,0,1
1745159566,21.1,1025,52,10.87,0,10000,4.63,310,0,0,0,1
1745160158,22.1,1025,53,12.08,0,10000,5.14,10,0,0,0,1
1745162586,21.61,1025,50,10.75,0,10000,5.14,320,0,0,0,1
1745163166,21.1,1025,52,10.87,0,10000,5.14,330,0,0,0,1
1745163758,22.1,1025,49,10.9,0,10000,3.6,350,0,0,0,1
1745166186,22.1,1025,46,9.95,0,10000,4.12,340,0,0,0,1
1745166766,22.1,1025,46,9.95,0,10000,4.63,340,0,0,0,1
1745167358,22.11,1025,49,10.91,0,10000,4.63,340,0,0,0,1
1745169786,22.1,1025,48,10.59,0,10000,5.14,310,0,0,0,1
1745170366,22.41,1025,50,11.49,0,10000,3.09,290,0,0,0,1
1745170958,22.94,1025,48,11.36,0,10000,5.14,330,0,0,0,1
1745173386,22.38,1025,42,8.85,0,10000,4.63,290,0,0,0,1
1745173966,23.19,1025,44,10.28,0,10000,5.14,330,0,0,0,1
1745174558,22.76,1025,45,10.22,0,10000,3.6,10,0,0,0,1
1745176986,23.58,1025,41,9.57,0,10000,3.1,320,0,0,0,1
1745177566,23.53,1024,43,10.24,0,10000,3.1,20,0,0,0,1
1745178158,23.11,1024,40,8.79,0,10000,2.57,360,0,0,0,1
1745180586,23.27,1024,42,9.65,0,10000,3.6,40,0,0,0,1
1745181166,22.49,1024,40,8.23,0,10000,3.6,40,0,0,0,1
1745181758,22.72,1024,42,9.16,0,10000,3.09,50,0,0,0,1
1745184186,21.95,1024,45,9.49,0,10000,4.12,10,0,0,0,1
1745184766,21.57,1024,45,9.14,0,10000,3.6,30,0,0,0,1
1745185358,21.17,1024,44,8.45,0,10000,3.6,70,0,0,0,1
1745187786,20.47,1024,45,8.15,0,10000,3.1,90,0,0,0,1
1745188366,20.11,1026,40,6.1,0,10000,3.09,60,0,0,0,1
1745188958,20.13,1026,40,6.12,0,10000,2.57,90,0,0,0,1
1745191386,19.44,1026,43,6.55,0,10000,3.1,110,0,0,0,1
1745191966,18.1,1026,45,5.99,0,10000,2.6,90,0,0,0,1
1745192558,18.1,1026,42,5.0,0,10000,2.6,100,0,0,0,1
1745194986,17.5,1026,49,6.68,0,10000,2.06,90,0,0,0,0
1745195566,17.02,1026,48,5.94,0,10000,2.1,120,0,0,0,0
1745196158,16.83,1026,48,5.77,0,10000,2.1,120,0,0,0,0
1745198586,15.86,1026,53,6.31,0,10000,0.0,0,0,0,0,0
1745199166,15.61,1025,53,6.07,0,10000,0.0,0,0,0,0,0
1745199758,15.63,1025,57,7.15,0,10000,0.0,0,0,0,0,0
1745202186,14.79,1025,61,7.35,0,10000,0.0,0,0,0,0,0
1745202766,14.44,1025,61,7.02,0,10000,0.0,0,0,0,0,0
1745203358,14.21,1025,62,7.04,0,10000,1.54,90,0,0,0,0
1745205786,13.82,1025,65,7.36,0,10000,0.0,0,0,0,0,0
1745206366,13.85,1025,66,7.61,40,10000,0.0,0,2,1,2,3
1745206958,13.58,1025,68,7.79,40,10000,0.0,0,2,1,2,3
1745209386,13.31,1025,71,8.17,100,10000,0.0,0,1,1,1,4
1745209966,13.54,1025,72,8.6,100,10000,0.0,0,1,1,1,4
1745210558,13.46,1025,73,8.72,100,10000,0.0,0,1,1,1,4
1745212986,13.77,1025,76,9.62,100,10000,0.0,0,1,1,1,4
1745213566,13.88,1025,76,9.73,100,10000,2.06,120,1,1,1,4
1745214158,14.1,1025,75,9.74,100,10000,2.06,120,1,1,1,4
1745216586,14.07,1025,73,9.31,100,10000,1.54,140,1,1,1,4
1745217166,13.91,1025,73,9.16,100,10000,2.06,110,1,1,1,4
1745217758,14.28,1025,73,9.51,100,10000,2.06,140,1,1,1,4
1745220186,14.19,1025,71,9.01,100,10000,1.54,90,1,1,1,4
1745220766,14.1,1024,71,8.93,100,10000,0.45,5,1,1,1,4
1745221358,14.1,1024,70,8.72,100,10000,0.45,5,1,1,1,4
1745223786,13.89,1024,68,8.09,100,10000,1.54,140,1,1,1,4
1745224366,13.83,1024,67,7.81,100,10000,1.54,130,1,1,1,4
1745224958,13.84,1024,67,7.82,100,10000,0.45,5,1,1,1,4
1745227386,13.77,1024,65,7.31,100,10000,2.06,110,1,1,1,4
1745227966,13.59,1024,65,7.14,100,10000,2.1,110,1,1,1,4
1745228558,13.59,1024,65,7.14,100,10000,1.54,120,1,1,1,4
1745230986,13.41,1024,67,7.41,100,10000,0.0,0,1,1,1,2
1745231566,12.93,1024,66,6.74,100,10000,2.1,100,1,1,1,2
1745232158,12.93,1024,66,6.74,100,10000,1.54,90,1,1,1,2
1745234586,13.6,1024,64,6.93,100,10000,1.54,90,1,1,1,2
1745235166,13.61,1024,64,6.94,100,10000,1.54,90,1,1,1,2
1745235758,14.0,1024,63,7.08,100,10000,2.06,100,1,1,1,2
1745238186,14.77,1024,58,6.6,75,10000,2.6,100,3,1,3,2
1745238766,15.03,1024,56,6.33,100,10000,3.09,130,1,1,1,2
1745239358,15.37,1024,54,6.12,100,10000,2.1,120,1,1,1,2
1745241786,16.01,1024,51,5.89,100,10000,2.06,130,1,1,1,2
1745242366,16.23,1023,50,5.81,100,10000,2.1,130,1,1,1,2
1745242958,16.23,1023,50,5.81,100,10000,3.1,130,1,1,1,2
1745245386,15.9,1023,52,6.07,100,10000,2.68,155,1,1,1,2
1745245966,15.93,1023,52,6.1,100,10000,2.68,155,1,1,1,2
1745246558,15.93,1023,53,6.37,100,10000,2.68,155,1,1,1,2
1745248986,16.22,1023,52,6.36,100,10000,3.1,140,1,1,1,2
1745249566,16.34,1023,52,6.47,100,10000,3.1,120,1,1,1,2
1745250158,16.48,1023,52,6.6,100,10000,2.57,110,1,1,1,2
1745252586,17.29,1023,50,6.78,100,10000,3.09,120,1,1,1,2
1745253166,17.64,1019,47,6.2,100,10000,3.1,120,1,1,1,2
1745253758,18.05,1019,47,6.58,100,10000,3.6,110,1,1,1,2
1745256186,19.94,1019,45,7.66,100,10000,3.1,160,1,1,1,2
1745256766,20.92,1019,45,8.55,100,10000,5.14,140,1,1,1,2
1745257358,20.77,1019,47,9.06,100,10000,5.7,130,1,1,1,2
1745259786,21.54,1019,50,10.69,0,10000,4.63,130,0,0,0,1
1745260366,21.81,1019,50,10.94,0,10000,4.63,130,0,0,0,1
1745260958,22.33,1019,50,11.41,40,10000,5.7,120,2,1,2,5
1745263386,22.53,1019,54,12.77,0,10000,4.63,150,0,0,0,1
1745263966,22.5,1017,55,13.02,0,10000,4.63,150,0,0,0,1
1745264558,21.86,1017,56,12.7,0,10000,3.6,110,0,0,0,1
1745266986,21.98,1017,60,13.87,0,10000,3.6,140,0,0,0,1
1745267566,21.91,1017,61,14.06,0,10000,4.12,120,0,0,0,1
1745268158,21.43,1017,63,14.1,0,10000,5.14,120,0,0,0,1
1745270586,21.56,1017,66,14.94,0,10000,4.63,120,0,0,0,1
1745271166,21.64,1017,69,15.71,0,10000,4.63,140,0,0,0,1
1745271758,21.64,1017,69,15.71,0,10000,3.6,140,0,0,0,1
1745274186,21.74,1017,72,16.47,0,10000,4.63,120,0,0,0,1
1745274766,21.0,1016,70,15.32,0,10000,4.63,120,0,0,0,1
1745275358,20.8,1016,74,16.0,0,10000,4.12,130,0,0,0,1
1745277786,20.37,1016,79,16.61,0,10000,3.6,140,0,0,0,1
1745278366,20.08,1016,81,16.72,0,10000,3.1,140,0,0,0,1
1745278958,19.74,1016,82,16.58,0,10000,2.1,140,0,0,0,1
1745281386,19.01,1016,83,16.06,75,10000,1.54,90,3,1,3,4
1745281966,18.77,1016,84,16.01,40,10000,1.54,130,2,1,2,3
1745282558,18.65,1016,84,15.89,40,10000,2.06,90,2,1,2,3
1745284986,18.33,1016,84,15.58,100,10000,0.45,100,1,1,1,4
1745285566,18.22,1016,84,15.47,100,10000,2.57,90,1,1,1,4
1745286158,18.25,1016,85,15.69,75,10000,2.06,50,3,1,3,4
1745288586,18.03,1016,86,15.65,0,10000,0.0,0,0,0,0,0
1745289166,18.01,1016,86,15.63,40,10000,0.0,0,2,1,2,3
1745289758,17.77,1016,87,15.58,0,10000,0.0,0,0,0,0,0
1745292186,17.04,1016,89,15.21,75,10000,0.45,139,3,1,3,4
1745292766,16.84,1016,89,15.02,75,10000,0.45,139,3,1,3,4
1745293358,17.02,1016,89,15.19,40,10000,0.45,139,2,1,2,3
1745295786,16.52,1016,90,14.88,75,10000,0.0,0,3,1,3,4
1745296366,16.5,1015,91,15.03,40,10000,0.0,0,2,1,2,3
1745296958,16.2,1015,90,14.56,40,10000,0.0,0,2,1,2,3
1745299386,16.25,1015,91,14.78,100,10000,0.0,0,1,1,1,4
1745299966,16.25,1015,91,14.78,100,10000,0.0,0,1,1,1,4
1745300558,16.25,1015,92,14.95,100,10000,0.0,0,1,1,1,4
1745302986,16.16,1015,93,15.03,100,10000,0.0,0,1,1,1,4
1745303566,16.16,1015,93,15.03,100,10000,0.0,0,1,1,1,4
1745304158,15.93,1015,91,14.46,100,10000,0.0,0,1,1,1,4
1745306586,15.95,1015,92,14.65,100,10000,0.0,0,1,1,1,4
1745307166,16.24,1015,91,14.77,100,10000,0.0,0,1,1,1,4
1745307758,16.24,1015,91,14.77,100,10000,0.0,0,1,1,1,4
1745310186,16.16,1015,93,15.03,40,10000,0.0,0,2,1,2,3
1745310766,16.16,1015,93,15.03,0,10000,0.0,0,0,0,0,0
1745311358,15.91,1015,94,14.95,0,10000,1.54,20,0,0,0,0
1745313786,15.25,1015,93,14.13,0,8047,0.0,0,4,2,4,6
1745314366,15.14,1015,94,14.18,0,10000,0.0,0,4,2,4,6
1745314958,15.12,1015,94,14.16,100,1207,0.0,0,4,2,4,6
1745317386,14.59,1015,94,13.64,100,2414,0.0,0,4,2,4,7
1745317966,14.71,1017,96,14.08,0,10000,0.0,0,4,2,4,7
1745318558,14.49,1017,96,13.86,0,8047,0.0,0,4,2,4,7
1745320986,15.35,1017,97,14.88,0,10000,0.0,0,0,0,0,1
1745321566,15.91,1017,96,15.27,0,10000,0.0,0,0,0,0,1
1745322158,15.34,1017,96,14.71,0,10000,0.0,0,0,0,0,1
1745324586,16.99,1017,93,15.85,0,10000,0.0,0,0,0,0,1
1745325166,19.23,1017,86,16.83,0,10000,0.45,304,0,0,0,1
1745325758,17.8,1017,89,15.96,0,10000,0.0,0,0,0,0,1
1745328186,20.86,1017,74,16.06,0,10000,2.06,340,0,0,0,1
1745328766,21.26,1017,73,16.23,0,10000,3.1,300,0,0,0,1
1745329358,21.93,1017,71,16.44,0,10000,3.6,340,0,0,0,1
1745331786,23.16,1017,62,15.48,0,10000,3.6,310,0,0,0,1
1745332366,23.61,1017,60,15.4,0,10000,4.12,280,0,0,0,1
1745332958,23.55,1017,60,15.34,0,10000,3.1,300,0,0,0,1
1745335386,24.37,1017,57,15.31,0,10000,3.1,280,0,0,0,1
1745335966,24.58,1017,57,15.5,40,10000,4.12,280,2,1,2,5
1745336558,24.75,1017,54,14.82,40,10000,5.7,280,2,1,2,5
1745338986,25.12,1017,50,13.97,0,10000,5.7,290,0,0,0,1
1745339566,25.11,1017,48,13.34,0,10000,4.12,260,0,0,0,1
1745340158,25.43,1017,48,13.63,0,10000,5.14,260,0,0,0,1
1745342586,25.35,1017,45,12.57,0,10000,5.14,280,0,0,0,1
1745343166,25.48,1017,43,12.0,0,10000,5.14,350,0,0,0,1
1745343758,26.05,1017,38,10.64,0,10000,5.7,270,0,0,0,1
1745346186,26.1,1017,32,8.13,0,10000,5.66,280,0,0,0,1
1745346766,26.1,1017,29,6.69,0,10000,5.7,280,0,0,0,1
1745347358,26.1,1017,31,7.67,0,10000,4.12,280,0,0,0,1
1745349786,26.1,1017,31,7.67,0,10000,4.63,290,0,0,0,1
1745350366,26.1,1015,31,7.67,0,10000,4.63,270,0,0,0,1
1745350958,26.1,1015,31,7.67,0,10000,5.14,280,0,0,0,1
1745353386,25.14,1015,36,9.03,0,10000,4.63,290,0,0,0,1
1745353966,25.12,1015,38,9.82,0,10000,4.63,280,0,0,0,1
1745354558,26.1,1015,36,9.88,0,10000,5.14,260,0,0,0,1
1745356986,25.1,1015,36,9.0,0,10000,3.1,290,0,0,0,1
1745357566,25.1,1015,33,7.71,0,10000,4.12,330,0,0,0,1
1745358158,25.1,1015,33,7.71,0,10000,4.63,330,0,0,0,1
1745360586,23.59,1015,38,8.46,0,10000,4.63,340,0,0,0,1
1745361166,23.1,1017,38,8.02,0,10000,3.09,330,0,0,0,1
1745361758,23.1,1017,38,8.02,0,10000,4.12,340,0,0,0,1
1745364186,21.13,1017,42,7.73,0,10000,3.09,340,0,0,0,1
1745364766,21.1,1017,40,6.99,0,10000,3.1,310,0,0,0,1
1745365358,21.1,1017,37,5.86,0,10000,3.1,310,0,0,0,1
1745367786,20.11,1017,42,6.81,0,10000,2.06,350,0,0,0,0
1745368366,20.1,1017,42,6.8,0,10000,1.54,340,0,0,0,0
1745368958,19.11,1017,45,6.91,0,10000,0.0,0,0,0,0,0
1745371386,19.65,1017,54,10.1,0,10000,0.0,0,0,0,0,0
1745371966,19.2,1019,55,9.95,0,10000,0.0,0,0,0,0,0
1745372558,19.09,1019,56,10.12,0,10000,0.0,0,0,0,0,0
1745374986,18.09,1019,57,9.45,0,10000,3.6,340,0,0,0,0
1745375566,17.88,1019,58,9.51,100,-1,2.5,349,1,1,1,4
1745376158,17.72,1019,58,9.36,40,10000,2.06,300,2,1,2,3
1745378586,17.12,1019,60,9.3,40,10000,0.0,0,2,1,2,3
1745379166,16.69,1019,61,9.14,40,10000,0.0,0,2,1,2,3
1745379758,16.36,1019,62,9.07,40,10000,0.0,0,2,1,2,3
1745382186,15.03,1019,68,9.18,40,10000,0.0,0,2,1,2,3
1745382766,14.63,1019,69,9.01,40,10000,0.0,0,2,1,2,3
1745383358,14.24,1019,71,9.06,40,10000,0.0,0,2,1,2,3
1745385786,13.44,1019,73,8.7,0,10000,0.0,0,0,0,0,0
1745386366,13.44,1019,74,8.9,0,10000,0.0,0,0,0,0,0
1745386958,13.08,1019,74,8.56,0,10000,0.0,0,0,0,0,0
1745389386,12.71,1019,74,8.2,40,10000,0.0,0,2,1,2,3
1745389966,12.61,1019,74,8.1,40,10000,0.0,0,2,1,2,3
1745390558,12.28,1019,75,7.98,0,10000,0.0,0,0,0,0,0
1745392986,12.0,1019,78,8.29,0,10000,0.0,0,0,0,0,0
1745393566,11.72,1021,77,7.83,0,10000,0.0,0,0,0,0,0
1745394158,11.5,1021,77,7.61,0,10000,0.0,0,0,0,0,0
1745396586,11.4,1021,79,7.89,0,10000,0.0,0,0,0,0,0
1745397166,10.66,1021,80,7.36,0,10000,0.45,301,0,0,0,0
1745397758,10.57,1021,81,7.45,0,10000,0.0,0,0,0,0,0
1745400186,10.32,1021,82,7.39,0,10000,0.0,0,0,0,0,0
1745400766,10.18,1021,82,7.25,0,10000,0.0,0,0,0,0,0
1745401358,9.74,1021,83,7.0,0,10000,0.0,0,0,0,0,0
1745403786,9.67,1021,84,7.1,0,10000,0.0,0,0,0,0,1
1745404366,9.29,1023,84,6.73,0,10000,0.0,0,0,0,0,1
1745404958,9.29,1023,84,6.73,0,10000,0.0,0,0,0,0,1
1745407386,10.04,1023,83,7.29,0,10000,0.0,0,0,0,0,1
1745407966,12.01,1023,79,8.49,0,10000,0.0,0,0,0,0,1
1745408558,12.44,1023,77,8.52,0,10000,0.0,0,0,0,0,1
1745410986,15.87,1023,55,6.85,0,10000,3.6,30,0,0,0,1
1745411566,16.21,1023,53,6.63,0,10000,3.6,30,0,0,0,1
1745412158,16.61,1023,52,6.72,0,10000,3.6,30,0,0,0,1
1745414586,17.54,1023,46,5.8,0,10000,4.12,20,0,0,0,1
1745415166,17.79,1024,45,5.71,0,10000,2.57,50,0,0,0,1
1745415758,17.86,1024,45,5.78,0,10000,3.1,70,0,0,0,1
1745418186,18.83,1024,43,6.0,0,10000,1.54,30,0,0,0,1
1745418766,18.88,1024,40,5.0,0,10000,3.6,90,0,0,0,1
1745419358,19.41,1024,41,5.83,0,10000,2.06,30,0,0,0,1
1745421786,19.72,1024,37,4.64,0,10000,3.1,110,0,0,0,1
1745422366,19.98,1024,36,4.47,0,10000,2.06,10,0,0,0,1
1745422958,20.41,1024,35,4.45,0,10000,0.89,119,0,0,0,1
1745425386,20.82,1024,33,3.97,0,10000,1.54,290,0,0,0,1
1745425966,20.74,1024,34,4.33,0,10000,2.06,140,0,0,0,1
1745426558,21.44,1024,32,4.08,0,10000,3.6,120,0,0,0,1
1745428986,22.25,1024,30,3.86,0,10000,2.06,140,0,0,0,1
1745429566,22.77,1024,31,4.78,0,10000,3.09,60,0,0,0,1
1745430158,22.9,1024,29,3.94,0,10000,3.09,110,0,0,0,1
1745432586,23.26,1024,27,3.24,0,10000,3.09,110,0,0,0,1
1745433166,23.28,1024,26,2.72,0,10000,1.54,110,0,0,0,1
1745433758,23.33,1024,27,3.3,0,10000,1.54,240,0,0,0,1
1745436186,23.92,1024,25,2.71,0,10000,1.54,360,5,3,5,7
1745436766,23.77,1023,25,2.59,0,10000,1.54,360,0,0,0,1
1745437358,24.3,1023,24,2.46,0,10000,3.09,140,0,0,0,1
1745439786,24.35,1023,24,2.5,0,10000,2.6,110,0,0,0,1
1745440366,24.31,1023,24,2.47,0,10000,3.6,90,0,0,0,1
1745440958,24.42,1023,25,3.14,0,10000,3.09,70,0,0,0,1
1745443386,24.32,1023,26,3.61,0,10000,2.6,110,0,0,0,1
1745443966,23.78,1023,25,2.6,0,10000,2.1,90,0,0,0,1
1745444558,23.77,1023,25,2.59,0,10000,3.1,140,0,0,0,1
1745446986,23.16,1023,32,5.58,0,10000,1.54,130,0,0,0,1
1745447566,22.11,1023,26,1.73,0,10000,3.6,110,0,0,0,1
1745448158,22.11,1023,28,2.77,0,10000,4.12,110,0,0,0,1
1745450586,21.23,1023,37,5.97,0,10000,2.6,130,0,0,0,1
1745451166,20.1,1023,34,3.77,0,10000,3.6,120,0,0,0,1
1745451758,19.1,1023,37,4.09,0,10000,2.1,140,0,0,0,1
1745454186,17.63,1023,51,7.38,0,10000,1.54,140,0,0,0,0
1745454766,16.13,1023,56,7.36,0,10000,0.0,0,0,0,0,0
1745455358,17.2,1023,53,7.55,5,-1,2.44,140,0,0,0,0
1745457786,16.16,1023,58,7.9,0,10000,0.0,0,0,0,0,0
1745458366,15.79,1024,60,8.05,0,10000,0.0,0,0,0,0,0
1745458958,15.33,1024,62,8.1,0,10000,0.0,0,0,0,0,0
1745461386,14.51,1024,67,8.46,0,10000,0.0,0,0,0,0,0
1745461966,14.41,1024,68,8.59,0,10000,0.45,145,0,0,0,0
1745462558,14.06,1024,70,8.68,0,10000,0.45,122,0,0,0,0
1745464986,14.02,1024,73,9.26,0,10000,0.0,0,0,0,0,0
1745465566,13.95,1024,74,9.4,0,10000,0.0,0,0,0,0,0
1745466158,13.81,1024,74,9.26,0,10000,1.54,170,0,0,0,0
1745468586,13.2,1024,77,9.26,48,-1,2.32,158,2,1,2,3
1745469166,12.87,1024,78,9.13,0,10000,0.0,0,0,0,0,0
1745469758,12.78,1024,79,9.23,0,10000,0.0,0,0,0,0,0
1745472186,11.95,1024,82,8.98,0,10000,0.0,0,0,0,0,0
1745472766,11.76,1024,83,8.97,0,10000,0.0,0,0,0,0,0
1745473358,11.58,1024,84,8.97,0,10000,0.0,0,0,0,0,0
1745475786,11.02,1024,86,8.77,0,10000,0.0,0,0,0,0,0
1745476366,11.03,1024,86,8.78,0,10000,0.0,0,0,0,0,0
1745476958,10.63,1024,87,8.56,0,10000,0.0,0,0,0,0,0
1745479386,10.7,1024,86,8.46,0,10000,0.0,0,0,0,0,0
1745479966,10.17,1025,88,8.27,0,10000,0.0,0,0,0,0,0
1745480558,10.11,1025,89,8.38,0,10000,0.0,0,0,0,0,0
1745482986,9.62,1025,90,8.06,0,10000,0.0,0,0,0,0,0
1745483566,9.56,1025,90,8.0,0,10000,0.0,0,0,0,0,0
1745484158,9.8,1025,89,8.08,0,10000,0.0,0,0,0,0,0
1745486586,9.55,1025,89,7.83,0,10000,0.0,0,0,0,0,0
1745487166,9.42,1025,90,7.86,0,10000,0.0,0,0,0,0,0
1745487758,9.14,1025,90,7.59,0,10000,0.0,0,0,0,0,0
1745490186,8.99,1025,91,7.6,0,10000,0.0,0,0,0,0,1
1745490766,7.56,1026,96,6.96,0,10000,0.0,0,0,0,0,1
1745491358,9.18,1026,91,7.79,0,10000,0.0,0,0,0,0,1
1745493786,9.59,1026,93,8.52,0,10000,0.0,0,0,0,0,1
1745494366,9.21,1026,91,7.82,0,10000,0.0,0,0,0,0,1
1745494958,13.11,1026,88,11.17,0,10000,0.0,0,0,0,0,1
1745497386,14.57,1026,77,10.59,0,10000,0.0,0,0,0,0,1
1745497966,15.11,1026,75,10.72,0,10000,0.0,0,0,0,0,1
1745498558,15.74,1026,73,10.92,0,10000,1.54,150,0,0,0,1
1745500986,17.22,1026,67,11.04,0,10000,0.45,155,0,0,0,1
1745501566,17.82,1026,64,10.93,0,10000,0.45,322,0,0,0,1
1745502158,18.63,1026,61,10.97,0,10000,1.54,90,0,0,0,1
1745504586,21.08,1026,53,11.14,0,10000,3.09,170,0,0,0,1
1745505166,21.54,1026,51,10.99,0,10000,2.57,230,0,0,0,1
1745505758,21.65,1026,50,10.79,0,10000,3.6,170,0,0,0,1
1745508186,23.35,1026,39,8.63,0,10000,4.6,230,0,0,0,1
1745508766,23.53,1026,38,8.4,0,10000,3.6,230,0,0,0,1
1745509358,23.56,1026,38,8.43,0,10000,3.1,240,0,0,0,1
1745511786,24.0,1026,36,8.03,0,10000,2.6,150,0,0,0,1
1745512366,24.71,1025,36,8.65,0,10000,3.09,220,0,0,0,1
1745512958,24.86,1025,35,8.37,0,10000,2.57,230,0,0,0,1
1745515386,25.35,1025,31,7.02,0,10000,3.09,190,0,0,0,1
1745515966,25.47,1025,30,6.64,0,10000,4.12,120,0,0,0,1
1745516558,25.47,1025,29,6.15,0,10000,3.6,230,0,0,0,1
1745518986,26.16,1025,29,6.75,0,10000,4.12,170,0,0,0,1
1745519566,26.14,1025,30,7.22,0,10000,3.6,150,0,0,0,1
1745520158,26.19,1025,31,7.75,0,10000,2.6,120,0,0,0,1
1745522586,25.78,1025,33,8.31,0,10000,3.09,130,0,0,0,1
1745523166,25.61,1024,33,8.16,0,10000,4.63,150,0,0,0,1
1745523758,25.45,1024,34,8.46,0,10000,4.63,150,0,0,0,1
1745526186,24.75,1024,35,8.27,0,10000,3.6,140,0,0,0,1
1745526766,24.57,1024,35,8.11,0,10000,6.2,130,0,0,0,1
1745527358,24.11,1024,36,8.12,0,10000,5.14,140,0,0,0,1
1745529786,24.23,1024,35,7.81,0,10000,4.63,130,0,0,0,1
1745530366,23.1,1024,31,5.07,0,10000,4.63,130,0,0,0,1
1745530958,23.1,1024,28,3.62,0,10000,3.6,140,0,0,0,1
1745533386,23.48,1024,34,6.73,0,10000,2.57,140,0,0,0,1
1745533966,22.1,1024,28,2.76,0,10000,4.63,140,0,0,0,1
1745534558,22.1,1024,28,2.76,0,10000,4.12,150,0,0,0,1
1745536986,21.35,1024,29,2.61,0,10000,3.6,140,0,0,0,1
1745537566,21.1,1024,28,1.9,0,10000,3.6,140,0,0,0,1
1745538158,20.1,1024,30,2.0,0,10000,3.1,140,0,0,0,1
1745540586,18.16,1024,36,2.86,0,10000,3.1,130,0,0,0,0
1745541166,17.61,1024,37,2.76,0,10000,2.6,140,0,0,0,0
1745541758,17.1,1024,39,3.05,0,10000,2.6,140,0,0,0,0
1745544186,17.98,1024,39,3.84,0,10000,0.0,0,0,0,0,0
1745544766,17.44,1025,41,4.06,0,10000,1.54,140,0,0,0,0
1745545358,16.27,1025,43,3.68,0,10000,2.1,150,0,0,0,0
1745547786,16.18,1025,54,6.87,44,-1,0.45,178,2,1,2,3
1745548366,15.91,1025,52,6.08,0,10000,0.0,0,0,0,0,0
1745548958,15.62,1025,55,6.62,0,10000,0.0,0,0,0,0,0
1745551386,14.83,1025,63,7.86,0,10000,0.0,0,0,0,0,0
1745551966,14.67,1025,64,7.94,0,10000,0.0,0,0,0,0,0
1745552558,14.47,1025,66,8.2,0,10000,0.45,124,0,0,0,0
1745554986,13.69,1025,71,8.53,0,10000,0.0,0,0,0,0,0
1745555566,13.67,1024,72,8.72,0,10000,0.0,0,0,0,0,0
1745556158,13.3,1024,74,8.77,0,10000,0.0,0,0,0,0,0
1745558586,12.44,1024,79,8.9,0,10000,0.0,0,0,0,0,0
1745559166,12.38,1024,80,9.03,0,10000,0.0,0,0,0,0,0
1745559758,12.28,1024,81,9.12,0,10000,0.0,0,0,0,0,0
1745562186,11.3,1024,84,8.7,0,10000,0.0,0,0,0,0,0
1745562766,11.23,1024,84,8.63,0,10000,0.0,0,0,0,0,0
1745563358,11.04,1024,86,8.79,0,10000,0.0,0,0,0,0,0
1745565786,10.48,1024,88,8.58,0,10000,0.0,0,0,0,0,0
1745566366,10.4,1024,89,8.67,0,10000,0.0,0,0,0,0,0
1745566958,10.28,1024,89,8.55,0,10000,0.0,0,0,0,0,0
1745569386,9.98,1024,91,8.58,0,10000,0.0,0,0,0,0,0
1745569966,9.75,1024,91,8.35,0,10000,0.0,0,0,0,0,0
1745570558,9.84,1024,91,8.44,0,10000,0.0,0,0,0,0,0
1745572986,9.43,1024,92,8.2,0,10000,0.0,0,0,0,0,0
1745573566,9.43,1024,92,8.2,0,10000,0.0,0,0,0,0,0
1745574158,9.25,1024,92,8.02,0,10000,0.0,0,0,0,0,0
1745576586,9.09,1024,93,8.02,0,10000,0.0,0,0,0,0,1
1745577166,9.29,1024,91,7.9,0,10000,0.0,0,0,0,0,1
1745577758,9.46,1024,91,8.07,40,10000,0.0,0,2,1,2,5
1745580186,9.98,1024,94,9.06,75,10000,0.0,0,3,1,3,2
1745580766,9.6,1024,91,8.2,75,10000,0.0,0,3,1,3,2
1745581358,12.27,1024,90,10.68,75,10000,0.0,0,3,1,3,2
1745583786,14.92,1024,86,12.6,40,10000,0.45,332,2,1,2,5
1745584366,15.7,1024,84,13.01,40,10000,1.54,160,2,1,2,5
1745584958,15.65,1024,83,12.77,40,10000,1.54,160,2,1,2,5
1745587386,17.62,1024,77,13.54,0,10000,2.06,220,0,0,0,1
1745587966,18.29,1023,75,13.79,0,10000,2.06,140,0,0,0,1
1745588558,18.66,1023,73,13.73,0,10000,2.06,150,0,0,0,1
1745590986,20.46,1023,69,14.58,0,10000,2.6,180,0,0,0,1
1745591566,21.1,1023,68,14.97,0,10000,4.12,220,0,0,0,1
1745592158,21.24,1023,66,14.64,0,10000,4.12,220,0,0,0,1
1745594586,22.63,1023,66,15.96,40,10000,3.6,180,2,1,2,5
1745595166,23.09,1023,66,16.4,40,10000,4.12,190,2,1,2,5
1745595758,23.44,1023,65,16.49,40,10000,4.12,220,2,1,2,5
1745598186,23.7,1023,65,16.74,40,10000,4.12,230,2,1,2,5
1745598766,24.6,1020,62,16.84,75,10000,2.6,170,3,1,3,2
1745599358,24.63,1020,62,16.87,40,10000,3.6,170,2,1,2,5
1745601786,25.27,1020,60,16.95,75,10000,2.6,200,3,1,3,2
1745602366,25.06,1020,60,16.76,75,10000,2.6,160,3,1,3,2
1745602958,24.83,1020,60,16.54,75,10000,4.6,210,3,1,3,2
1745605386,24.58,1020,61,16.57,75,10000,4.12,160,3,1,3,2
1745605966,24.62,1020,61,16.6,100,10000,4.12,120,1,1,1,2
1745606558,24.61,1020,61,16.59,100,10000,4.12,130,1,1,1,2
1745608986,24.07,1020,62,16.34,100,10000,4.12,180,1,1,1,2
1745609566,23.75,1018,62,16.04,100,10000,3.6,140,6,4,6,8
1745610158,23.92,1018,62,16.2,100,10000,4.6,150,6,4,6,8
1745612586,22.94,1018,63,15.53,100,10000,4.12,170,6,4,6,8
1745613166,23.27,1018,64,16.08,100,10000,5.66,170,6,4,6,8
1745613758,23.18,1018,65,16.24,100,10000,2.57,180,6,4,6,8
1745616186,23.78,1018,61,15.81,40,10000,4.63,150,6,4,6,8
1745616766,23.5,1018,61,15.55,40,10000,5.14,170,6,4,6,8
1745617358,23.39,1018,62,15.7,75,10000,4.12,140,6,4,6,8
1745619786,22.76,1018,58,14.08,100,10000,3.6,120,6,4,6,8
1745620366,22.48,1018,57,13.55,100,10000,4.63,130,1,1,1,2
1745620958,22.45,1018,57,13.52,100,10000,4.12,130,1,1,1,2
1745623386,21.61,1018,65,14.75,75,10000,3.6,150,6,4,6,8
1745623966,21.61,1018,67,15.22,75,10000,3.6,150,6,4,6,8
1745624558,21.38,1018,68,15.24,75,10000,3.6,150,6,4,6,8
1745626986,20.53,1018,73,15.53,100,10000,2.57,160,6,4,6,9
1745627566,20.51,1018,74,15.72,100,10000,2.06,150,1,1,1,4
1745628158,20.2,1018,75,15.63,75,10000,2.06,150,3,1,3,4
1745630586,19.73,1018,78,15.79,40,10000,2.6,150,2,1,2,3
1745631166,19.4,1017,77,15.27,40,10000,2.1,150,2,1,2,3
1745631758,18.78,1017,80,15.26,0,10000,2.1,140,0,0,0,0
1745634186,18.78,1017,80,15.26,40,10000,2.57,150,2,1,2,3
1745634766,18.79,1017,80,15.27,75,10000,2.6,150,3,1,3,4
1745635358,19.08,1017,81,15.75,75,10000,1.54,150,3,1,3,4
1745637786,19.25,1017,79,15.52,75,10000,2.57,170,3,1,3,4
1745638366,19.09,1017,80,15.56,75,10000,2.1,160,3,1,3,4
1745638958,19.25,1017,80,15.72,100,10000,2.57,170,1,1,1,4
1745641386,19.1,1017,82,15.96,100,10000,1.34,108,1,1,1,4
1745641966,19.14,1014,82,16.0,100,10000,2.06,270,6,4,6,9
1745642558,19.25,1014,83,16.29,100,5633,0.45,181,6,4,6,9
1745644986,18.34,1014,89,16.5,100,6437,1.54,130,7,4,7,9
1745645566,18.34,1014,90,16.67,100,2012,1.54,130,7,4,7,9
1745646158,17.97,1014,92,16.65,100,2816,1.54,130,8,4,8,9
1745648586,17.84,1014,94,16.86,100,10000,1.54,160,8,4,8,9
1745649166,18.02,1014,94,17.04,100,10000,1.54,160,8,4,8,9
1745649758,17.84,1014,94,16.86,100,10000,2.06,170,8,4,8,9
1745652186,18.1,1014,95,17.29,100,10000,1.54,170,6,4,6,9
1745652766,18.1,1013,95,17.29,100,10000,2.57,180,6,4,6,9
1745653358,18.1,1013,95,17.29,100,10000,2.57,170,6,4,6,9
1745655786,18.47,1013,95,17.65,100,10000,2.06,180,6,4,6,9
1745656366,18.47,1013,95,17.65,100,10000,2.06,190,6,4,6,9
1745656958,18.47,1013,95,17.65,100,10000,1.54,180,6,4,6,9
1745659386,18.66,1013,95,17.84,100,10000,2.06,190,1,1,1,4
1745659966,18.66,1013,95,17.84,100,10000,2.06,190,1,1,1,4
1745660558,18.66,1013,95,17.84,100,10000,2.57,190,1,1,1,4
1745662986,18.66,1013,95,17.84,40,10000,2.06,180,2,1,2,5
1745663566,18.66,1013,95,17.84,40,10000,2.06,200,2,1,2,5
1745664158,18.53,1013,95,17.71,75,10000,3.09,180,3,1,3,2
1745666586,19.08,1013,94,18.09,100,10000,2.06,200,1,1,1,2
1745667166,19.08,1013,94,18.09,100,10000,2.06,210,1,1,1,2
1745667758,18.9,1013,94,17.91,100,4828,2.6,220,1,1,1,2
1745670186,19.33,1013,94,18.34,100,6437,4.12,230,6,4,6,8
1745670766,19.33,1013,94,18.34,100,6437,4.12,240,6,4,6,8
1745671358,19.33,1013,94,18.34,100,4828,3.1,230,6,4,6,8
1745673786,20.0,1013,93,18.83,100,10000,2.06,210,6,4,6,8
1745674366,19.98,1012,93,18.81,100,8047,3.1,230,6,4,6,8
1745674958,19.98,1012,92,18.64,100,8047,3.6,220,6,4,6,8
1745677386,20.61,1012,90,18.91,100,10000,4.12,230,6,4,6,8
1745677966,20.78,1012,91,19.26,100,10000,3.1,230,6,4,6,8
1745678558,21.09,1012,88,19.03,100,10000,3.6,220,6,4,6,8
1745680986,20.83,1012,87,18.59,100,4828,3.1,220,6,4,6,8
1745681566,20.81,1012,88,18.75,100,6437,3.09,200,6,4,6,8
1745682158,20.91,1012,89,19.03,100,6437,2.57,200,6,4,6,8
1745684586,20.54,1012,90,18.84,100,10000,5.1,230,6,4,6,8
1745685166,20.68,1011,90,18.98,100,10000,4.12,220,6,4,6,8
1745685758,20.68,1011,90,18.98,100,10000,4.6,210,6,4,6,8
1745688186,21.41,1011,87,19.16,100,10000,5.14,210,6,4,6,8
1745688766,21.57,1011,88,19.5,100,10000,5.7,210,6,4,6,8
1745689358,22.03,1011,85,19.39,100,10000,5.7,230,6,4,6,8
1745691786,23.51,1011,78,19.45,75,10000,5.7,230,6,4,6,8
1745692366,24.02,1011,77,19.74,75,10000,3.1,210,6,4,6,8
1745692958,24.52,1011,74,19.58,75,10000,2.68,304,6,4,6,8
1745695386,22.37,1011,80,18.75,100,1207,4.12,320,8,4,8,8
1745695966,22.49,1011,79,18.67,100,10000,2.57,220,8,4,8,8
1745696558,21.34,1011,82,18.14,100,10000,2.06,290,8,4,8,8
1745698986,21.52,1011,87,19.27,75,10000,1.54,160,8,4,8,8
1745699566,21.82,1011,85,19.19,75,10000,1.54,200,8,4,8,8
1745700158,22.08,1011,86,19.63,75,10000,2.57,160,8,4,8,8
1745702586,22.02,1011,87,19.76,100,10000,0.45,191,6,4,6,8
1745703166,21.78,1011,87,19.52,100,10000,3.1,290,6,4,6,8
1745703758,21.41,1011,83,18.4,100,10000,5.66,300,6,4,6,8
1745706186,21.11,1011,65,14.28,40,10000,7.72,310,6,4,6,8
1745706766,20.1,1015,59,11.85,40,10000,5.14,300,2,1,2,5
1745707358,20.1,1015,59,11.85,40,10000,7.72,290,2,1,2,5
1745709786,19.06,1015,61,11.37,0,10000,7.2,320,0,0,0,1
1745710366,16.1,1015,67,9.98,0,10000,7.2,330,0,0,0,1
1745710958,16.85,1015,65,10.24,0,10000,6.69,320,0,0,0,1
1745713386,16.03,1015,63,9.0,0,10000,6.7,300,6,4,6,9
1745713966,14.45,1015,63,7.5,0,10000,7.2,300,0,0,0,0
1745714558,14.63,1015,62,7.44,0,10000,8.8,300,0,0,0,0
1745716986,13.89,1015,64,7.2,0,10000,5.14,290,0,0,0,0
1745717566,12.84,1019,63,5.98,0,10000,6.7,290,0,0,0,0
1745718158,13.35,1019,63,6.46,0,10000,3.09,310,0,0,0,0
1745720586,12.85,1019,60,5.28,0,10000,5.36,115,0,0,0,0
1745721166,12.0,1019,59,4.24,0,10000,6.17,300,0,0,0,0
1745721758,11.94,1019,60,4.43,40,10000,6.69,290,2,1,2,3
1745724186,11.73,1019,63,4.93,0,10000,6.69,320,0,0,0,0
1745724766,11.5,1019,62,4.48,0,10000,6.17,320,0,0,0,0
1745725358,11.5,1019,61,4.25,0,10000,6.17,320,0,0,0,0
1745727786,11.44,1019,62,4.42,0,10000,4.12,310,0,0,0,0
1745728366,10.8,1019,60,3.35,0,10000,6.2,310,0,0,0,0
1745728958,10.94,1019,61,3.72,0,10000,5.14,310,0,0,0,0
1745731386,10.67,1019,62,3.7,0,10000,5.66,300,0,0,0,0
1745731966,10.61,1019,63,3.87,0,10000,4.12,290,0,0,0,0
1745732558,10.15,1019,62,3.2,0,8047,4.63,300,0,0,0,0
1745734986,10.02,1019,61,2.85,0,10000,4.12,310,0,0,0,0
1745735566,10.0,1019,61,2.83,0,10000,4.63,300,0,0,0,0
1745736158,9.96,1019,61,2.8,0,10000,7.72,290,0,0,0,0
1745738586,9.7,1019,62,2.78,0,10000,5.7,300,0,0,0,0
1745739166,9.77,1021,63,3.07,0,10000,5.14,320,0,0,0,0
1745739758,9.63,1021,62,2.71,40,10000,5.14,320,2,1,2,3
1745742186,9.59,1021,63,2.9,0,10000,6.69,300,0,0,0,0
1745742766,9.64,1021,61,2.49,0,10000,5.14,310,0,0,0,0
1745743358,9.77,1021,62,2.85,0,10000,4.12,290,0,0,0,0
1745745786,9.22,1021,62,2.33,0,10000,4.63,290,0,0,0,0
1745746366,9.43,1021,62,2.52,0,10000,4.12,270,0,0,0,0
1745746958,9.32,1021,62,2.42,0,10000,3.6,280,0,0,0,0
1745749386,9.11,1021,62,2.22,0,10000,6.7,310,0,0,0,1
1745749966,9.24,1022,62,2.34,0,10000,6.17,300,0,0,0,1
1745750558,9.51,1022,63,2.82,0,10000,6.69,310,0,0,0,1
1745752986,9.65,1022,62,2.73,0,10000,7.2,300,0,0,0,1
1745753566,10.03,1022,61,2.86,0,10000,8.8,300,0,0,0,1
1745754158,10.34,1022,60,2.92,0,10000,8.8,300,0,0,0,1
1745756586,10.7,1022,58,2.78,0,10000,5.14,310,0,0,0,1
1745757166,11.28,1022,58,3.33,0,10000,7.2,300,0,0,0,1
1745757758,11.57,1022,57,3.35,0,10000,9.8,290,0,0,0,1
1745760186,12.34,1022,52,2.77,0,10000,8.23,300,0,0,0,1
1745760766,12.66,1022,51,2.8,0,10000,9.8,290,0,0,0,1
1745761358,12.91,1022,50,2.75,0,10000,10.29,310,0,0,0,1
1745763786,14.03,1022,47,2.9,0,10000,7.2,290,0,0,0,1
1745764366,14.01,1022,46,2.58,0,10000,8.75,310,0,0,0,1
1745764958,14.4,1022,46,2.94,0,10000,7.2,280,0,0,0,1
1745767386,15.22,1022,43,2.73,0,10000,8.23,300,0,0,0,1
1745767966,15.48,1022,43,2.97,0,10000,7.72,290,0,0,0,1
1745768558,15.86,1022,42,2.98,0,10000,7.2,310,0,0,0,1
1745770986,16.67,1022,39,2.67,0,10000,9.26,320,0,0,0,1
1745771566,16.99,1021,39,2.95,0,10000,6.7,290,0,0,0,1
1745772158,17.29,1021,38,2.85,0,10000,8.75,310,0,0,0,1
1745774586,18.21,1021,35,2.51,0,10000,9.26,280,0,0,0,1
1745775166,18.42,1021,35,2.7,0,10000,9.3,280,0,0,0,1
1745775758,18.55,1021,34,2.4,0,10000,8.23,300,0,0,0,1
1745778186,19.19,1021,34,2.97,0,10000,7.2,300,0,0,0,1
1745778766,19.23,1021,32,2.15,0,10000,6.69,290,0,0,0,1
1745779358,19.57,1021,32,2.45,0,10000,9.8,290,0,0,0,1
1745781786,20.13,1021,30,2.03,0,10000,6.71,122,0,0,0,1
1745782366,20.12,1020,30,2.02,0,10000,6.7,290,0,0,0,1
1745782958,20.36,1020,31,2.69,0,10000,7.72,290,0,0,0,1
1745785386,20.62,1020,30,2.45,0,10000,6.17,290,0,0,0,1
1745785966,20.58,1020,30,2.42,0,10000,7.2,310,0,0,0,1
1745786558,20.64,1020,29,2.0,0,10000,7.72,300,0,0,0,1
1745788986,20.95,1020,29,2.26,0,10000,7.72,280,0,0,0,1
1745789566,20.64,1020,29,2.0,0,10000,5.66,300,0,0,0,1
1745790158,20.8,1020,28,1.64,0,10000,6.69,300,0,0,0,1
1745792218,20.67,1020,29,2.02,0,10000,6.17,320,0,0,0,1
1745792586,20.68,1020,29,2.03,0,10000,6.17,320,0,0,0,1
1745793166,19.77,1022,28,0.76,0,10000,6.17,300,0,0,0,1
1745793758,19.77,1022,28,0.76,0,10000,5.14,300,0,0,0,1
1745795818,19.75,1019,30,1.7,0,10000,4.12,310,0,0,0,1
1745796186,19.68,1022,30,1.64,0,10000,3.6,310,0,0,0,1
1745796766,15.87,1022,31,-1.08,0,10000,2.06,290,0,0,0,1
1745797358,17.53,1022,31,0.23,0,10000,3.6,270,0,0,0,1
1745799418,17.72,1020,35,2.08,0,10000,2.06,270,0,0,0,0
1745799786,15.03,1021,48,4.12,0,10000,3.0,327,0,0,0,0
1745800366,13.66,1022,56,5.05,0,10000,2.58,313,0,0,0,0
1745800958,16.34,1022,39,2.37,0,-1,0.45,295,0,0,0,0
1745803018,14.77,1021,46,3.28,0,10000,0.0,0,0,0,0,0
1745803386,13.66,1022,56,5.05,0,10000,2.58,313,0,0,0,0
1745803966,12.78,1023,62,5.69,0,10000,2.53,318,0,0,0,0
1745804558,13.4,1023,51,3.48,0,10000,0.0,0,0,0,0,0
1745806618,12.6,1022,53,3.28,0,10000,0.0,0,0,0,0,0
1745806986,12.78,1023,62,5.69,0,10000,2.53,318,0,0,0,0
1745807566,12.28,1023,63,5.45,0,10000,2.39,327,0,0,0,0
1745808158,12.26,1023,55,3.49,0,10000,0.0,0,0,0,0,0
1745810218,11.26,1023,58,3.31,0,10000,0.0,0,0,0,0,0
1745810586,12.28,1023,63,5.45,0,10000,2.39,327,0,0,0,0
1745811166,11.5,1024,62,4.48,0,10000,2.06,353,0,0,0,0
1745811758,10.65,1023,62,3.68,0,10000,0.0,0,0,0,0,0
1745813818,10.0,1024,66,3.95,0,10000,1.54,130,0,0,0,0
1745814186,9.54,1024,66,3.51,0,10000,0.0,0,0,0,0,0
1745814766,9.16,1024,68,3.57,0,10000,0.0,0,0,0,0,0
1745815358,9.07,1025,69,3.69,0,10000,0.0,0,0,0,0,0
1745817418,8.39,1024,71,3.44,0,10000,0.0,0,0,0,0,0
1745817786,7.77,1025,75,3.62,0,10000,0.0,0,0,0,0,0
1745818366,7.49,1025,76,3.54,0,10000,0.0,0,0,0,0,0
1745818958,7.62,1025,76,3.67,0,10000,0.0,0,0,0,0,0
1745821018,4.56,1026,84,2.09,0,10000,0.0,0,0,0,0,0
1745821386,4.56,1026,85,2.26,0,10000,0.0,0,0,0,0,0
1745821966,6.25,1025,82,3.41,0,10000,0.0,0,0,0,0,0
1745822558,8.81,1025,65,2.6,0,10000,0.0,0,0,0,0,0
1745824618,3.55,1026,90,2.07,0,10000,0.0,0,0,0,0,0
1745824986,3.55,1026,90,2.07,0,10000,0.0,0,0,0,0,0
1745825566,3.52,1026,91,2.19,0,10000,0.0,0,0,0,0,0
1745826158,7.7,1026,71,2.78,0,10000,0.0,0,0,0,0,0
1745828218,3.47,1027,93,2.45,0,10000,0.0,0,0,0,0,0
1745828586,3.19,1027,91,1.87,0,10000,0.0,0,0,0,0,0
1745829166,3.44,1027,88,1.64,0,10000,0.0,0,0,0,0,0
1745829758,7.14,1026,75,3.01,0,10000,0.0,0,0,0,0,0
1745831818,2.23,1027,97,1.8,0,10000,0.0,0,0,0,0,0
1745832186,2.23,1027,97,1.8,0,10000,0.0,0,0,0,0,0
1745832766,2.1,1027,100,2.1,0,10000,0.0,0,0,0,0,0
1745833358,9.42,1026,93,8.35,0,10000,0.0,0,0,0,0,0
1745835418,2.1,1028,93,1.09,0,10000,0.0,0,0,0,0,1
1745835786,2.1,1028,93,1.09,0,10000,0.0,0,0,0,0,1
1745836366,2.1,1028,100,2.1,0,10000,0.0,0,0,0,0,1
1745836958,12.95,1028,58,4.89,4,-1,0.91,333,0,0,0,1
1745839018,3.51,1028,94,2.64,0,10000,0.0,0,0,0,0,1
1745839386,6.06,1028,88,4.23,0,10000,0.0,0,0,0,0,1
1745839966,4.83,1028,85,2.53,0,10000,0.0,0,0,0,0,1
1745840558,8.49,1028,83,5.77,0,10000,0.0,0,0,0,0,1
1745842618,12.24,1028,63,5.41,0,10000,0.0,0,0,0,0,1
1745842986,12.51,1028,62,5.44,0,10000,0.0,0,0,0,0,1
1745843566,14.19,1028,56,5.55,0,10000,0.0,0,0,0,0,1
1745844158,14.86,1028,54,5.65,0,10000,0.45,180,0,0,0,1
1745846218,16.86,1028,44,4.55,0,10000,0.45,31,0,0,0,1
1745846586,17.06,1028,42,4.06,0,10000,0.45,10,0,0,0,1
1745847166,17.83,1028,39,3.7,0,10000,0.45,76,0,0,0,1
1745847758,18.36,1028,38,3.81,0,10000,0.45,95,0,0,0,1
1745849818,19.32,1028,34,3.08,0,10000,1.54,60,0,0,0,1
1745850186,19.87,1028,34,3.56,0,10000,1.54,320,0,0,0,1
1745850766,19.72,1028,33,3.01,0,10000,3.09,90,0,0,0,1
1745851358,20.32,1028,30,2.19,0,10000,3.09,90,0,0,0,1
1745853418,20.34,1028,30,2.21,0,10000,2.06,170,0,0,0,1
1745853786,20.5,1029,29,1.87,0,10000,2.57,230,0,0,0,1
1745854366,20.74,1028,29,2.08,0,10000,1.54,150,0,0,0,1
1745854958,20.75,1028,29,2.09,0,10000,1.54,150,0,0,0,1
1745857018,21.37,1028,29,2.62,0,10000,2.57,110,0,0,0,1
1745857386,21.47,1028,29,2.71,0,10000,2.57,140,0,0,0,1
1745857966,21.88,1028,28,2.57,0,10000,1.54,60,0,0,0,1
1745858558,21.85,1026,28,2.54,0,10000,1.54,220,0,0,0,1
1745860618,22.37,1027,27,2.48,0,10000,3.09,120,0,0,0,1
1745860986,22.47,1027,28,3.08,0,10000,2.06,200,0,0,0,1
1745861566,22.83,1027,28,3.38,0,10000,3.09,200,0,0,0,1
1745862158,22.94,1026,27,2.96,0,10000,2.06,130,0,0,0,1
1745864218,23.23,1027,27,3.21,0,10000,3.09,160,0,0,0,1
1745864586,23.32,1027,27,3.29,0,10000,2.06,180,0,0,0,1
1745865166,23.09,1027,27,3.09,0,10000,3.09,230,0,0,0,1
1745865758,23.25,1026,28,3.74,0,10000,3.09,230,0,0,0,1
1745867818,23.05,1026,28,3.57,0,10000,2.06,210,0,0,0,1
1745868186,23.07,1026,28,3.59,0,10000,6.17,130,0,0,0,1
1745868766,23.18,1026,29,4.18,0,10000,6.69,100,0,0,0,1
1745869358,23.2,1026,29,4.2,0,10000,6.69,100,0,0,0,1
1745871418,23.11,1026,28,3.62,0,10000,3.09,150,0,0,0,1
1745871786,22.89,1026,28,3.44,0,10000,5.14,150,0,0,0,1
1745872366,22.97,1025,28,3.5,0,10000,5.14,140,0,0,0,1
1745872958,22.78,1026,29,3.84,0,10000,5.14,140,0,0,0,1
1745875018,22.46,1025,29,3.56,0,10000,5.14,130,0,0,0,1
1745875386,22.25,1025,30,3.86,0,10000,4.12,150,0,0,0,1
1745875966,22.15,1025,30,3.78,0,10000,4.12,140,0,0,0,1
1745876558,21.9,1026,31,4.03,0,10000,4.12,140,0,0,0,1
1745878618,21.45,1025,31,3.64,0,10000,4.63,140,0,0,0,1
1745878986,21.3,1025,32,3.96,0,10000,3.6,160,0,0,0,1
1745879566,20.58,1025,29,1.94,0,10000,3.09,130,0,0,0,1
1745880158,20.55,1026,33,3.74,0,10000,3.09,130,0,0,0,1
1745882218,20.11,1025,35,4.19,0,10000,2.57,130,0,0,0,1
1745882586,19.82,1025,35,3.93,0,10000,2.57,170,0,0,0,1
1745883166,18.28,1026,30,0.43,0,10000,2.06,140,0,0,0,1
1745883758,18.14,1026,32,1.2,0,10000,2.06,140,0,0,0,1
1745885818,17.34,1025,41,3.97,0,10000,2.06,120,0,0,0,0
1745886186,17.28,1025,41,3.92,0,10000,1.54,130,0,0,0,0
1745886766,16.36,1025,43,3.77,0,10000,0.0,0,0,0,0,0
1745887358,13.29,1025,57,4.96,6,10000,2.94,171,0,0,0,0
1745889418,15.67,1025,47,4.4,0,10000,0.45,116,0,0,0,0
1745889786,15.54,1025,48,4.59,0,10000,0.89,124,0,0,0,0
1745890366,15.15,1025,49,4.52,0,10000,2.06,160,0,0,0,0
1745890958,12.87,1025,56,4.32,7,10000,3.3,179,0,0,0,0
1745893018,14.83,1025,49,4.23,0,10000,1.54,170,0,0,0,0
1745893386,14.8,1025,49,4.2,0,10000,1.54,160,0,0,0,0
1745893966,14.18,1025,49,3.63,0,10000,1.54,160,0,0,0,0
1745894558,12.18,1025,52,2.63,9,10000,3.09,176,0,0,0,0
1745896618,14.05,1025,52,4.36,0,10000,1.54,140,0,0,0,0
1745896986,13.83,1025,52,4.15,0,10000,0.45,174,0,0,0,0
1745897566,13.67,1025,53,4.28,0,10000,0.45,172,0,0,0,0
1745898158,11.74,1025,54,2.75,9,10000,3.08,178,0,0,0,0
1745900218,12.82,1025,57,4.52,0,10000,0.0,0,0,0,0,0
1745900586,12.65,1025,59,4.86,0,10000,0.0,0,0,0,0,0
1745901166,12.54,1025,59,4.75,0,10000,0.0,0,0,0,0,0
1745901758,11.57,1025,58,3.6,10,10000,3.23,187,0,0,0,0
1745903818,12.09,1025,61,4.81,0,10000,0.0,0,0,0,0,0
1745904186,11.92,1025,62,4.88,0,10000,0.0,0,0,0,0,0
1745904766,11.81,1025,64,5.23,0,10000,0.0,0,0,0,0,0
1745905358,10.93,1025,61,3.71,98,10000,2.96,189,1,1,1,4
1745907418,10.79,1024,67,4.92,0,10000,0.0,0,0,0,0,0
1745907786,10.79,1024,67,4.92,0,10000,0.0,0,0,0,0,0
1745908366,10.95,1024,68,5.28,0,10000,0.0,0,0,0,0,0
1745908958,10.68,1024,69,5.23,0,10000,0.0,0,0,0,0,0
1745911018,10.86,1024,69,5.41,0,10000,0.45,124,0,0,0,0
1745911386,10.61,1024,71,5.58,0,10000,0.0,0,0,0,0,0
1745911966,10.4,1024,72,5.58,0,10000,0.0,0,0,0,0,0
1745912558,10.58,1025,72,5.75,0,10000,0.0,0,0,0,0,0
1745914618,10.09,1024,74,5.67,0,10000,0.0,0,0,0,0,0
1745914986,10.09,1024,74,5.67,0,10000,0.0,0,0,0,0,0
1745915566,10.09,1025,74,5.67,0,10000,0.0,0,0,0,0,0
1745916158,10.01,1025,74,5.6,0,10000,0.0,0,0,0,0,0
1745918218,9.68,1024,76,5.66,0,10000,0.0,0,0,0,0,0
1745918586,9.68,1024,76,5.66,0,10000,0.0,0,0,0,0,0
1745919166,9.46,1024,77,5.64,0,10000,0.0,0,0,0,0,0
1745919758,9.64,1024,76,5.62,0,10000,0.0,0,0,0,0,0
1745921818,9.66,1025,76,5.64,0,10000,0.0,0,0,0,0,1
1745922186,9.42,1025,77,5.6,0,10000,0.0,0,0,0,0,1
1745922766,10.16,1024,74,5.74,0,10000,0.0,0,0,0,0,1
1745923358,10.68,1024,73,6.04,0,10000,0.89,124,0,0,0,1
1745925418,11.0,1024,74,6.55,0,10000,2.57,170,0,0,0,1
1745925786,11.36,1024,73,6.7,0,10000,2.06,170,0,0,0,1
1745926366,13.11,1024,68,7.34,0,10000,2.06,180,0,0,0,1
1745926958,13.42,1024,68,7.64,0,10000,2.06,190,0,0,0,1
1745929018,14.01,1024,68,8.2,0,10000,2.57,170,0,0,0,1
1745929386,14.85,1024,65,8.34,0,10000,3.09,180,0,0,0,1
1745929966,15.46,1024,64,8.69,0,10000,4.63,210,0,0,0,1
1745930558,16.12,1024,63,9.08,0,10000,3.6,210,0,0,0,1
1745932618,17.66,1023,60,9.81,0,10000,4.63,190,0,0,0,1
1745932986,18.09,1023,59,9.96,0,10000,3.6,180,0,0,0,1
1745933566,18.65,1023,58,10.23,0,10000,5.66,170,0,0,0,1
1745934158,18.99,1023,58,10.55,0,10000,4.12,210,0,0,0,1
1745936218,20.19,1023,55,10.87,0,10000,4.63,210,0,0,0,1
1745936586,20.49,1023,54,10.87,0,10000,5.14,230,0,0,0,1
1745937166,21.08,1023,53,11.14,0,10000,4.12,190,0,0,0,1
1745937758,21.71,1022,51,11.14,0,10000,3.6,240,0,0,0,1
1745939818,22.88,1022,50,11.92,0,10000,4.63,220,0,0,0,1
1745940186,23.06,1022,49,11.78,0,10000,4.12,230,0,0,0,1
1745940766,23.41,1022,48,11.79,0,10000,5.66,230,0,0,0,1
1745941358,23.63,1022,48,11.99,0,10000,7.2,240,0,0,0,1
1745943418,24.53,1021,47,12.49,0,10000,4.12,200,0,0,0,1
1745943786,24.73,1021,46,12.34,0,10000,6.69,220,0,0,0,1
1745944366,24.82,1021,47,12.75,0,10000,5.14,230,0,0,0,1
1745944958,25.25,1020,46,12.81,0,10000,4.63,190,0,0,0,1
1745947018,25.85,1020,45,13.02,0,10000,3.6,220,0,0,0,1
1745947386,26.15,1020,45,13.29,0,10000,4.63,240,0,0,0,1
1745947966,26.42,1020,45,13.54,0,10000,4.02,304,0,0,0,1
1745948558,26.86,1019,45,13.94,0,10000,4.63,200,0,0,0,1
1745950618,27.36,1019,45,14.39,0,10000,5.14,230,0,0,0,1
1745950986,27.52,1019,45,14.53,0,10000,4.92,304,0,0,0,1
1745951566,27.87,1019,44,14.5,0,10000,4.12,200,0,0,0,1
1745952158,27.76,1019,45,14.75,0,10000,4.12,200,0,0,0,1
1745954218,28.45,1017,44,15.03,0,10000,4.12,210,0,0,0,1
1745954586,28.49,1017,45,15.41,0,10000,4.12,200,0,0,0,1
1745955166,28.51,1017,44,15.08,0,10000,4.63,200,0,0,0,1
1745955758,28.52,1017,44,15.09,0,10000,6.17,220,0,0,0,1
1745957818,28.71,1016,45,15.61,0,10000,5.14,220,0,0,0,1
1745958186,28.76,1016,45,15.66,0,10000,5.14,220,0,0,0,1
1745958766,28.74,1016,46,15.98,0,10000,5.66,170,0,0,0,1
1745959358,28.7,1016,46,15.94,0,10000,5.66,170,0,0,0,1
1745961418,28.36,1016,47,15.97,0,10000,5.66,200,0,0,0,1
1745961786,28.36,1016,47,15.97,0,10000,6.17,200,0,0,0,1
1745962366,28.33,1016,47,15.95,0,10000,6.17,210,0,0,0,1
1745962958,28.26,1015,48,16.21,0,10000,6.17,210,0,0,0,1
1745965018,27.94,1015,50,16.56,0,10000,4.12,200,0,0,0,1
1745965386,27.63,1015,51,16.59,0,10000,4.12,200,0,0,0,1
1745965966,27.45,1014,52,16.73,0,10000,5.66,190,0,0,0,1
1745966558,27.03,1015,52,16.34,0,10000,5.14,210,0,0,0,1
1745968618,26.38,1015,53,16.04,0,10000,3.09,220,0,0,0,1
1745968986,26.39,1014,55,16.63,0,10000,3.6,200,0,0,0,1
1745969566,25.87,1015,55,16.15,0,10000,4.12,220,0,0,0,1
1745970158,25.76,1015,56,16.33,0,10000,4.63,200,0,0,0,1
1745972218,25.2,1014,58,16.36,0,10000,4.12,190,0,0,0,0
1745972586,24.94,1014,59,16.38,0,10000,3.6,190,0,0,0,0
1745973166,24.77,1014,60,16.49,0,10000,4.12,180,0,0,0,0
1745973758,24.63,1014,60,16.35,0,10000,2.57,200,0,0,0,0
1745975818,24.05,1015,62,16.32,0,10000,3.09,200,0,0,0,0
1745976186,24.18,1015,62,16.45,0,10000,2.57,210,0,0,0,0
1745976766,23.99,1015,62,16.27,0,10000,4.63,200,0,0,0,0
1745977358,24.09,1015,63,16.61,0,10000,3.6,180,0,0,0,0
1745979418,23.68,1015,64,16.47,0,10000,3.6,220,0,0,0,0
1745979786,23.67,1015,64,16.46,0,10000,3.6,220,0,0,0,0
1745980366,23.7,1015,64,16.49,0,10000,4.63,220,0,0,0,0
1745980958,23.55,1014,65,16.59,0,10000,3.6,200,0,0,0,0
1745983018,23.19,1014,66,16.49,0,10000,2.06,210,0,0,0,0
1745983386,23.18,1014,66,16.48,0,10000,3.09,200,0,0,0,0
1745983966,23.08,1014,66,16.39,0,10000,2.06,210,0,0,0,0
1745984558,23.05,1014,66,16.36,0,10000,3.6,200,0,0,0,0
1745986618,22.79,1014,68,16.58,86,10000,0.89,172,1,1,1,4
1745986986,22.79,1014,68,16.58,40,10000,1.54,190,2,1,2,3
1745987566,22.82,1014,68,16.61,0,10000,2.06,180,0,0,0,0
1745988158,22.49,1014,68,16.29,0,10000,3.09,200,0,0,0,0
1745990218,22.25,1014,70,16.52,0,10000,3.09,200,0,0,0,0
1745990586,22.25,1014,70,16.52,0,10000,2.06,200,0,0,0,0
1745991166,22.25,1014,70,16.52,0,10000,2.57,190,0,0,0,0
1745991758,22.25,1014,71,16.74,40,10000,2.68,124,2,1,2,3
1745993818,21.93,1014,72,16.66,0,10000,3.13,124,0,0,0,0
1745994186,21.75,1014,73,16.7,0,10000,1.54,130,0,0,0,0
1745994766,21.43,1014,74,16.61,75,10000,0.89,123,3,1,3,4
1745995358,21.34,1014,75,16.73,75,6437,2.06,270,3,1,3,4
1745997418,20.4,1015,84,17.61,100,10000,0.89,291,7,4,7,9
1745997786,20.22,1015,85,17.62,100,10000,0.89,103,7,4,7,9
1745998366,19.91,1014,87,17.68,75,10000,1.54,220,3,1,3,4
1745998958,19.6,1014,89,17.74,75,10000,1.54,200,3,1,3,4
1746001018,19.53,1014,90,17.85,40,10000,1.34,314,2,1,2,3
1746001386,19.53,1014,90,17.85,40,10000,1.34,305,2,1,2,3
1746001966,19.31,1014,90,17.63,0,10000,0.45,304,0,0,0,0
1746002558,19.03,1014,91,17.53,100,2414,0.0,0,4,2,4,6
1746004618,18.78,1014,92,17.45,0,3219,0.0,0,4,2,4,6
1746004986,18.58,1015,93,17.43,0,3219,0.0,0,4,2,4,6
1746005566,18.33,1014,94,17.35,0,4023,0.0,0,4,2,4,6
1746006158,18.49,1014,93,17.34,40,4828,0.0,0,4,2,4,6
1746008218,18.5,1015,93,17.35,40,10000,1.54,220,2,1,2,5
1746008586,18.66,1015,93,17.51,40,10000,0.0,0,2,1,2,5
1746009166,18.67,1015,93,17.52,75,10000,0.45,304,3,1,3,2
1746009758,18.84,1015,92,17.51,40,10000,1.54,190,2,1,2,5
1746011818,19.27,1015,91,17.76,0,10000,1.34,304,0,0,0,1
1746012186,19.37,1015,90,17.69,0,10000,1.54,190,0,0,0,1
1746012766,19.72,1016,90,18.03,0,10000,1.54,220,0,0,0,1
1746013358,20.15,1016,88,18.1,0,10000,2.06,210,0,0,0,1
1746015418,21.25,1016,84,18.44,0,10000,3.6,280,0,0,0,1
1746015786,20.78,1016,86,18.35,40,10000,2.57,270,2,1,2,5
1746016366,21.77,1016,82,18.56,40,10000,3.09,270,2,1,2,5
1746016958,22.08,1016,80,18.47,40,10000,3.09,280,2,1,2,5
1746019018,22.11,1017,78,18.1,100,10000,4.63,300,1,1,1,2
1746019386,22.25,1017,76,17.82,75,10000,6.17,300,3,1,3,2
1746019966,22.77,1017,74,17.9,100,10000,3.09,290,1,1,1,2
1746020558,23.28,1017,71,17.73,100,10000,3.6,310,1,1,1,2
1746022618,23.33,1017,70,17.55,75,10000,3.6,290,3,1,3,2
1746022986,23.74,1017,68,17.49,75,10000,5.66,300,3,1,3,2
1746023566,24.31,1017,65,17.31,40,10000,3.6,310,2,1,2,5
1746024158,24.24,1017,65,17.25,75,10000,5.14,270,3,1,3,2
1746026218,24.72,1017,63,17.21,75,10000,5.14,300,3,1,3,2
1746026586,24.61,1017,62,16.85,75,10000,3.6,310,3,1,3,2
1746027166,24.68,1017,63,17.17,75,10000,3.6,310,3,1,3,2
1746027758,25.27,1017,61,17.22,40,10000,5.14,300,2,1,2,5
1746029818,25.4,1017,59,16.81,75,10000,4.12,290,3,1,3,2
1746030186,25.78,1017,56,16.35,40,10000,4.63,280,2,1,2,5
1746030766,25.95,1017,55,16.22,75,10000,6.17,270,3,1,3,2
1746031358,26.14,1017,54,16.11,75,10000,6.17,270,3,1,3,2
1746033418,26.38,1017,52,15.74,0,10000,5.14,280,0,0,0,1
1746033786,26.56,1017,51,15.6,0,10000,5.14,280,0,0,0,1
1746034366,26.79,1017,51,15.81,0,10000,5.66,280,0,0,0,1
1746034958,27.07,1016,50,15.76,0,10000,5.66,280,0,0,0,1
1746037018,27.12,1016,49,15.49,0,10000,4.63,300,0,0,0,1
1746037386,27.43,1016,48,15.45,0,10000,4.63,290,0,0,0,1
1746037966,27.15,1017,49,15.52,0,10000,4.12,300,0,0,0,1
1746038558,27.3,1016,48,15.34,0,10000,4.47,304,0,0,0,1
1746040618,27.46,1016,47,15.15,40,10000,5.66,280,2,1,2,5
1746040986,27.63,1016,47,15.31,0,10000,4.47,304,0,0,0,1
1746041566,27.31,1016,47,15.02,0,10000,5.14,340,0,0,0,1
1746042158,27.48,1016,46,14.84,0,10000,4.12,300,0,0,0,1
1746044218,27.74,1016,45,14.73,0,10000,3.6,300,0,0,0,1
1746044586,27.43,1016,43,13.75,40,10000,4.63,340,2,1,2,5
1746045166,27.82,1015,44,14.46,40,10000,5.66,350,2,1,2,5
1746045758,27.73,1016,46,15.07,0,10000,1.54,260,0,0,0,1
1746047818,27.53,1015,44,14.2,0,10000,3.6,330,0,0,0,1
1746048186,27.47,1015,43,13.79,0,10000,3.09,340,0,0,0,1
1746048766,27.2,1016,45,14.24,0,10000,3.6,350,0,0,0,1
1746049358,27.17,1016,44,13.87,0,10000,4.63,350,0,0,0,1
1746051418,26.82,1016,46,14.24,0,10000,2.06,350,0,0,0,1
1746051786,26.51,1016,45,13.62,0,10000,2.57,320,0,0,0,1
1746052366,25.1,1017,44,12.0,0,10000,2.57,320,0,0,0,1
1746052958,25.1,1017,44,12.0,0,10000,0.0,0,0,0,0,1
1746055018,24.19,1017,46,11.85,0,10000,1.54,30,0,0,0,1
1746055386,24.23,1017,47,12.21,0,10000,1.54,70,0,0,0,1
1746055966,23.1,1017,49,11.81,0,10000,1.54,70,0,0,0,1
1746056558,21.16,1018,58,12.58,0,10000,0.0,0,0,0,0,1
1746058618,22.96,1016,58,14.26,0,10000,0.45,97,0,0,0,0
1746058986,22.86,1017,56,13.63,0,10000,0.89,71,0,0,0,0
1746059566,19.31,1018,60,11.36,0,10000,3.09,90,0,0,0,0
1746060158,19.58,1019,56,10.57,0,10000,2.57,90,0,0,0,0
1746062218,20.77,1018,57,11.95,0,10000,2.06,90,0,0,0,0
1746062586,20.46,1018,57,11.66,0,10000,2.06,70,0,0,0,0
1746063166,19.47,1018,62,12.01,0,10000,1.54,110,0,0,0,0
1746063758,19.27,1018,62,11.82,0,10000,0.0,0,0,0,0,0
1746065818,18.86,1018,62,11.43,0,10000,0.0,0,0,0,0,0
1746066186,18.14,1018,65,11.46,0,10000,0.0,0,0,0,0,0
1746066766,17.9,1018,66,11.47,0,10000,0.0,0,0,0,0,0
1746067358,17.88,1018,66,11.45,0,10000,0.0,0,0,0,0,0
1746069418,17.34,1018,67,11.16,0,10000,0.0,0,0,0,0,0
1746069786,17.09,1018,68,11.14,0,10000,0.0,0,0,0,0,0
1746070366,16.74,1018,69,11.03,0,10000,0.0,0,0,0,0,0
1746070958,16.15,1019,72,11.1,0,10000,0.0,0,0,0,0,0
1746073018,15.97,1018,72,10.93,0,10000,0.0,0,0,0,0,0
1746073386,15.96,1018,73,11.13,0,10000,0.0,0,0,0,0,0
1746073966,15.64,1018,74,11.03,0,10000,0.0,0,0,0,0,0
1746074558,15.42,1018,75,11.02,0,10000,0.0,0,0,0,0,0
1746076618,14.97,1018,77,10.98,0,10000,0.0,0,0,0,0,0
1746076986,14.96,1018,77,10.97,0,10000,0.0,0,0,0,0,0
1746077566,14.59,1018,78,10.8,0,10000,0.0,0,0,0,0,0
1746078158,14.44,1018,78,10.66,0,10000,0.0,0,0,0,0,0
1746080218,14.41,1018,80,11.01,0,10000,0.0,0,0,0,0,0
1746080586,14.34,1018,81,11.13,0,10000,1.54,350,0,0,0,0
1746081166,13.89,1018,81,10.69,0,10000,1.54,350,0,0,0,0
1746081758,13.89,1018,81,10.69,0,10000,0.0,0,0,0,0,0
1746083818,13.8,1018,81,10.6,0,10000,0.0,0,0,0,0,0
1746084186,13.62,1018,81,10.42,0,10000,0.0,0,0,0,0,0
1746084766,13.65,1018,82,10.64,0,10000,0.0,0,0,0,0,0
1746085358,13.65,1018,83,10.82,0,10000,0.0,0,0,0,0,0
1746087418,13.62,1018,83,10.79,0,10000,0.0,0,0,0,0,0
1746087786,13.61,1018,84,10.96,0,10000,1.54,360,0,0,0,0
1746088366,13.77,1018,83,10.94,0,10000,2.06,350,0,0,0,0
1746088958,13.61,1018,83,10.78,40,10000,2.57,350,2,1,2,3
1746091018,14.31,1018,82,11.28,75,10000,2.57,60,3,1,3,4
1746091386,14.35,1018,81,11.14,100,10000,2.57,60,1,1,1,4
1746091966,14.42,1018,81,11.2,100,10000,2.06,350,1,1,1,4
1746092558,14.33,1018,81,11.12,100,10000,1.54,60,1,1,1,4
1746094618,14.34,1018,83,11.49,100,10000,1.54,360,1,1,1,2
1746094986,14.35,1018,83,11.5,75,10000,1.54,40,5,3,5,7
1746095566,14.19,1018,84,11.53,40,10000,1.54,350,2,1,2,5
1746096158,14.27,1018,84,11.61,40,10000,1.54,350,2,1,2,5
1746098218,15.38,1019,83,12.51,75,10000,2.06,70,3,1,3,2
1746098586,15.65,1019,82,12.59,75,10000,2.06,70,3,1,3,2
1746099166,16.39,1019,80,12.93,75,10000,2.57,80,3,1,3,2
1746099758,16.58,1019,80,13.12,75,10000,2.57,80,3,1,3,2
1746101818,18.06,1019,74,13.36,0,10000,3.09,80,0,0,0,1
1746102186,18.41,1019,72,13.28,0,10000,4.12,60,0,0,0,1
1746102766,18.73,1019,68,12.71,40,10000,2.57,80,2,1,2,5
1746103358,19.21,1019,65,12.48,75,10000,4.12,90,3,1,3,2
1746105418,20.29,1019,57,11.5,75,10000,3.09,90,3,1,3,2
1746105786,20.43,1019,56,11.37,75,10000,3.09,90,3,1,3,2
1746106366,21.05,1019,54,11.39,40,10000,3.6,100,2,1,2,5
1746106958,21.36,1019,53,11.4,0,10000,4.12,80,0,0,0,1
1746109018,22.05,1019,51,11.45,0,10000,4.63,90,0,0,0,1
1746109386,22.32,1019,51,11.7,0,10000,3.6,70,0,0,0,1
1746109966,22.46,1019,51,11.83,0,10000,3.6,90,0,0,0,1
1746110558,22.62,1019,51,11.98,0,10000,4.12,90,0,0,0,1
1746112618,23.08,1018,50,12.1,0,10000,5.14,90,0,0,0,1
1746112986,22.95,1019,49,11.68,0,10000,4.63,100,0,0,0,1
1746113566,23.1,1019,49,11.81,0,10000,4.63,100,0,0,0,1
1746114158,23.79,1018,51,13.06,0,10000,3.6,70,0,0,0,1
1746116218,24.35,1018,52,13.87,0,10000,5.14,90,0,0,0,1
1746116586,24.43,1018,52,13.94,40,10000,4.63,90,2,1,2,5
1746117166,24.7,1018,52,14.19,40,10000,3.6,70,2,1,2,5
1746117758,24.85,1017,53,14.63,0,10000,4.63,130,0,0,0,1
1746119818,25.81,1017,53,15.51,0,10000,3.6,110,0,0,0,1
1746120186,26.15,1017,53,15.83,0,10000,4.63,120,0,0,0,1
1746120766,25.89,1017,54,15.88,0,10000,5.66,120,0,0,0,1
1746121358,26.09,1017,53,15.77,0,10000,5.66,120,0,0,0,1
1746123418,27.09,1016,57,17.84,0,10000,5.14,100,0,0,0,1
1746123786,26.96,1016,58,18.0,0,10000,4.63,150,0,0,0,1
1746124366,26.86,1016,59,18.18,0,10000,4.63,150,0,0,0,1
1746124958,27.1,1016,60,18.67,0,10000,6.17,120,0,0,0,1
1746127018,27.49,1015,60,19.04,0,10000,4.63,130,0,0,0,1
1746127386,27.59,1015,60,19.13,0,10000,3.58,125,0,0,0,1
1746127966,27.67,1015,61,19.47,0,10000,5.14,120,0,0,0,1
1746128558,27.71,1015,61,19.51,0,10000,5.14,120,0,0,0,1
1746130618,27.87,1014,63,20.18,40,10000,4.12,150,2,1,2,5
1746130986,27.51,1014,63,19.84,40,10000,4.12,150,2,1,2,5
1746131566,27.65,1014,63,19.97,0,10000,4.63,140,0,0,0,1
1746132158,27.73,1014,64,20.3,0,10000,3.6,150,0,0,0,1
1746134218,26.73,1013,67,20.09,0,10000,3.6,140,0,0,0,1
1746134586,26.64,1013,68,20.25,0,10000,4.12,140,0,0,0,1
1746135166,26.1,1014,61,18.0,0,10000,3.6,140,0,0,0,1
1746135758,26.1,1014,61,18.0,0,10000,3.6,140,0,0,0,1
1746136098,26.1,1014,61,18.0,0,10000,3.6,140,0,0,0,1
1746136997,25.61,1013,71,19.96,0,10000,4.63,140,0,0,0,1
1746137818,25.61,1013,71,19.96,0,10000,5.66,140,0,0,0,1
1746138186,25.43,1013,70,19.56,0,10000,4.63,140,0,0,0,1
1746138766,25.1,1014,65,18.06,0,10000,4.12,130,0,0,0,1
1746139358,25.1,1013,65,18.06,0,10000,3.09,140,0,0,0,1
1746139698,25.1,1013,65,18.06,0,10000,3.09,140,0,0,0,1
1746140597,24.17,1013,68,17.89,0,10000,4.12,130,0,0,0,1
1746141418,23.21,1013,72,17.88,0,10000,4.12,140,0,0,0,1
1746141786,23.62,1012,72,18.28,0,10000,3.09,140,0,0,0,1
1746142366,23.1,1013,73,18.0,0,10000,3.09,140,0,0,0,1
1746142958,23.1,1013,73,18.0,0,10000,3.6,130,0,0,0,1
1746143298,23.1,1013,73,18.0,0,10000,3.6,130,0,0,0,1
1746144197,23.1,1013,73,18.0,0,10000,4.12,130,0,0,0,0
1746145018,22.23,1013,77,18.01,0,10000,2.57,120,0,0,0,0
1746145386,22.36,1014,76,17.93,0,10000,3.09,140,0,0,0,0
1746145966,22.11,1014,78,18.1,0,10000,2.57,140,0,0,0,0
1746146558,22.66,1013,80,19.03,0,10000,2.57,140,0,0,0,0
1746146898,22.66,1013,80,19.03,0,10000,2.57,140,0,0,0,0
1746147797,22.67,1012,80,19.04,0,10000,2.57,120,0,0,0,0
1746148618,22.66,1012,80,19.03,0,10000,3.09,130,0,0,0,0
1746148986,22.62,1013,80,19.0,0,10000,2.06,150,0,0,0,0
1746149566,22.34,1013,82,19.12,0,10000,2.06,150,0,0,0,0
1746150158,22.11,1013,83,19.09,0,10000,2.06,150,0,0,0,0
1746150498,22.11,1013,83,19.09,0,10000,2.06,150,0,0,0,0
1746151397,21.96,1013,84,19.13,0,10000,2.06,130,0,0,0,0
1746152218,21.88,1012,85,19.24,0,10000,1.54,140,0,0,0,0
1746152586,21.84,1012,86,19.39,0,10000,0.45,174,0,0,0,0
1746153166,21.61,1012,86,19.17,0,10000,1.54,160,0,0,0,0
1746153758,21.69,1012,86,19.25,0,10000,1.54,140,0,0,0,0
1746154098,21.69,1012,86,19.25,0,10000,1.54,140,0,0,0,0
1746154997,21.5,1012,87,19.25,0,10000,0.0,0,0,0,0,0
1746155818,21.2,1012,87,18.95,0,10000,0.0,0,0,0,0,0
1746156186,21.2,1012,88,19.13,0,10000,0.0,0,0,0,0,0
1746156766,20.71,1012,88,18.65,0,10000,0.0,0,0,0,0,0
1746157358,20.58,1012,89,18.7,0,10000,0.0,0,0,0,0,0
1746157698,20.58,1012,89,18.7,0,10000,0.0,0,0,0,0,0
1746158597,20.27,1012,89,18.4,0,10000,0.0,0,0,0,0,0
1746159418,20.28,1012,89,18.41,0,10000,2.06,180,0,0,0,0
1746159786,19.78,1012,90,18.09,0,10000,0.0,0,0,0,0,0
1746160366,19.67,1012,90,17.98,0,10000,0.0,0,0,0,0,0
1746160958,19.55,1012,89,17.69,0,10000,0.0,0,0,0,0,0
1746161298,19.55,1012,89,17.69,0,10000,0.0,0,0,0,0,0
1746162197,20.13,1011,87,17.9,100,10000,2.06,200,1,1,1,4
1746163018,20.37,1011,85,17.77,100,10000,2.06,200,1,1,1,4
1746163386,20.52,1011,84,17.72,100,10000,3.09,200,1,1,1,4
1746163966,21.06,1011,81,17.67,100,10000,3.6,190,1,1,1,4
1746164558,21.14,1011,80,17.56,100,10000,4.12,200,1,1,1,4
1746164898,21.14,1011,80,17.56,100,10000,4.12,200,1,1,1,4
1746165797,20.8,1012,81,17.42,100,10000,3.09,210,1,1,1,4
1746166618,18.42,1012,88,16.4,100,10000,2.57,210,1,1,1,4
1746166986,19.3,1012,82,16.15,100,10000,2.57,190,1,1,1,4
1746167566,19.14,1012,85,16.56,100,10000,3.6,220,1,1,1,4
1746168158,19.72,1012,83,16.75,100,10000,3.6,220,1,1,1,4
1746168498,19.72,1012,83,16.75,100,10000,3.6,220,1,1,1,4
1746169397,20.59,1011,82,17.41,100,10000,2.06,220,1,1,1,4
1746170218,20.92,1012,81,17.54,100,10000,2.06,250,1,1,1,4
1746170586,20.84,1012,82,17.66,100,10000,2.57,270,1,1,1,4
1746171166,19.9,1012,87,17.67,100,10000,2.57,270,1,1,1,4
1746171758,20.01,1012,85,17.41,40,10000,1.54,220,2,1,2,3
1746172098,20.01,1012,85,17.41,40,10000,1.54,220,2,1,2,3
1746172997,19.79,1012,85,17.2,40,10000,1.54,230,2,1,2,3
1746173818,20.34,1011,83,17.36,0,10000,1.54,170,0,0,0,0
1746174186,20.25,1011,83,17.27,0,10000,1.54,180,0,0,0,0
1746174766,19.11,1012,88,17.08,0,10000,1.54,210,0,0,0,0
1746175358,19.39,1012,86,16.99,0,10000,1.54,160,0,0,0,0
1746175698,19.39,1012,86,16.99,0,10000,1.54,160,0,0,0,0
1746176597,19.32,1012,86,16.92,0,10000,1.54,170,0,0,0,0
1746177418,19.17,1012,86,16.77,0,10000,0.0,0,0,0,0,0
1746177786,19.53,1011,86,17.13,40,10000,2.06,170,2,1,2,3
1746178366,19.19,1011,87,16.98,40,10000,1.54,190,2,1,2,3
1746178958,18.88,1012,88,16.85,0,10000,0.0,0,0,0,0,0
1746179298,18.88,1012,88,16.85,0,10000,0.0,0,0,0,0,0
1746180197,18.74,1012,88,16.71,0,10000,1.54,200,0,0,0,0
1746181018,19.41,1012,86,17.01,40,10000,1.54,190,2,1,2,5
1746181386,19.41,1012,86,17.01,40,10000,0.0,0,2,1,2,5
1746181966,19.57,1012,85,16.98,40,10000,0.0,0,2,1,2,5
1746182558,19.44,1012,86,17.04,40,10000,1.54,180,2,1,2,5
1746182898,19.44,1012,86,17.04,40,10000,1.54,180,2,1,2,5
1746183797,19.92,1013,86,17.51,40,10000,1.54,180,2,1,2,5
1746184618,20.07,1013,85,17.47,0,10000,1.54,210,0,0,0,1
1746184986,19.93,1013,85,17.33,0,10000,0.0,0,0,0,0,1
1746185566,20.1,1012,84,17.31,0,10000,0.0,0,0,0,0,1
1746186158,20.54,1012,83,17.55,0,10000,3.09,210,0,0,0,1
1746186498,20.54,1012,83,17.55,0,10000,3.09,210,0,0,0,1
1746187397,21.14,1013,81,17.75,0,10000,3.09,210,0,0,0,1
1746188218,21.38,1013,80,17.79,0,10000,2.06,230,0,0,0,1
1746188586,21.2,1013,81,17.81,0,10000,2.06,240,0,0,0,1
1746189166,22.71,1013,75,18.05,0,10000,4.12,220,0,0,0,1
1746189758,23.02,1013,75,18.35,0,10000,3.6,240,0,0,0,1
1746190098,23.02,1013,75,18.35,0,10000,3.6,240,0,0,0,1
1746190997,23.68,1013,73,18.56,0,10000,3.09,240,0,0,0,1
1746191818,23.66,1013,72,18.32,0,10000,3.6,230,0,0,0,1
1746192186,23.83,1013,71,18.26,0,10000,4.12,240,0,0,0,1
1746192766,23.86,1013,71,18.29,0,10000,3.09,220,0,0,0,1
1746193358,24.43,1013,69,18.38,0,10000,3.09,240,0,0,0,1
1746193698,24.43,1013,69,18.38,0,10000,3.09,240,0,0,0,1
1746194597,24.99,1013,68,18.68,0,10000,3.6,290,0,0,0,1
1746195418,25.11,1013,67,18.55,0,10000,3.09,270,0,0,0,1
1746195786,25.45,1013,66,18.64,40,10000,3.6,270,2,1,2,5
1746196366,25.84,1013,65,18.76,40,10000,3.6,270,2,1,2,5
1746196958,26.38,1013,63,18.77,40,10000,3.09,250,2,1,2,5
1746197298,26.38,1013,63,18.77,40,10000,3.09,250,2,1,2,5
1746198197,26.78,1013,60,18.37,40,10000,4.63,230,2,1,2,5
1746199018,26.66,1013,60,18.26,40,10000,4.12,270,2,1,2,5
1746199386,26.78,1013,58,17.83,40,10000,2.57,250,2,1,2,5
1746199966,27.52,1013,57,18.24,40,10000,2.06,280,2,1,2,5
1746200558,27.62,1013,55,17.77,75,10000,5.14,270,3,1,3,2
1746200898,27.62,1013,55,17.77,75,10000,5.14,270,3,1,3,2
1746201797,27.73,1013,54,17.58,40,10000,4.12,280,2,1,2,5
1746202618,27.61,1013,53,17.17,40,10000,4.12,230,2,1,2,5
1746202986,27.74,1012,53,17.29,40,10000,2.57,250,2,1,2,5
1746203566,28.42,1012,52,17.62,40,10000,4.92,304,2,1,2,5
1746204158,28.23,1012,52,17.44,40,10000,3.6,280,2,1,2,5
1746204498,28.23,1012,52,17.44,40,10000,3.6,280,2,1,2,5
1746205397,28.28,1012,51,17.18,40,10000,3.6,240,2,1,2,5
1746206218,28.68,1012,49,16.92,40,10000,5.14,270,2,1,2,5
1746206586,28.35,1012,50,16.94,40,10000,3.09,230,2,1,2,5
1746207166,28.36,1012,50,16.94,40,10000,4.63,230,2,1,2,5
1746207758,28.7,1012,49,16.94,40,10000,4.47,304,2,1,2,5
1746208098,28.7,1012,49,16.94,40,10000,4.47,304,2,1,2,5
1746208997,28.64,1012,50,17.2,0,10000,2.68,304,0,0,0,1
1746209818,29.27,1012,49,17.46,40,10000,1.54,180,2,1,2,5
1746210186,29.08,1012,49,17.28,75,10000,3.09,250,3,1,3,2
1746210766,29.2,1012,48,17.07,75,10000,3.09,230,3,1,3,2
1746211358,29.31,1012,47,16.84,75,10000,3.09,280,3,1,3,2
1746211698,29.31,1012,47,16.84,75,10000,3.09,280,3,1,3,2
1746212597,29.02,1011,48,16.9,100,10000,1.54,220,1,1,1,2
1746213418,28.98,1011,49,17.19,100,10000,1.54,220,1,1,1,2
1746213786,28.79,1011,49,17.02,40,10000,2.06,230,2,1,2,5
1746214366,28.86,1011,47,16.43,0,10000,2.06,180,0,0,0,1
1746214958,29.15,1011,47,16.69,0,10000,2.57,170,9,4,9,8
1746215298,29.15,1011,47,16.69,0,10000,2.57,170,0,0,0,1
1746216197,29.45,1011,47,16.96,0,10000,3.6,150,0,0,0,1
1746217018,29.13,1011,49,17.33,0,10000,4.12,180,0,0,0,1
1746217386,28.35,1011,50,16.94,0,10000,3.09,190,0,0,0,1
1746217966,27.91,1011,52,17.15,0,10000,1.54,160,0,0,0,1
1746218558,27.4,1011,54,17.28,75,10000,3.6,180,3,1,3,2
1746218898,27.4,1011,54,17.28,75,10000,3.6,180,8,4,8,8
1746219797,27.74,1011,55,17.88,75,10000,2.06,320,3,1,3,2
1746220618,28.03,1011,55,18.15,40,10000,3.09,350,2,1,2,5
1746220986,26.8,1012,57,17.57,75,10000,2.57,340,3,1,3,2
1746221566,27.55,1011,57,18.27,0,10000,3.09,360,0,0,0,1
1746222158,27.98,1011,56,18.39,40,10000,1.79,309,2,1,2,5
1746224586,27.08,1011,57,17.83,0,10000,2.06,170,0,0,0,1
1746225166,25.91,1011,64,18.58,0,10000,2.06,200,0,0,0,1
1746225758,25.74,1011,65,18.67,0,10000,2.57,230,0,0,0,1
1746228186,25.99,1010,64,18.66,0,10000,2.06,180,0,0,0,1
1746228766,24.83,1011,69,18.76,0,10000,2.06,190,0,0,0,1
1746229358,25.06,1011,67,18.51,0,10000,0.0,0,0,0,0,1
1746231786,23.42,1011,73,18.31,40,10000,0.0,0,2,1,2,3
1746232366,22.78,1011,76,18.33,0,10000,0.0,0,0,0,0,0
1746232958,22.71,1011,77,18.47,0,10000,0.45,120,0,0,0,0
1746235386,21.49,1012,80,17.9,0,10000,0.0,0,0,0,0,0
1746235966,21.65,1011,80,18.05,40,10000,0.0,0,2,1,2,3
1746236558,21.23,1012,81,17.84,0,10000,0.0,0,0,0,0,0
1746238986,20.8,1012,81,17.42,0,10000,0.0,0,0,0,0,0
1746239566,21.22,1012,78,17.23,0,10000,0.0,0,0,0,0,0
1746240158,21.32,1012,77,17.13,0,10000,0.45,103,0,0,0,0
1746242586,20.49,1012,79,16.73,0,10000,0.0,0,0,0,0,0
1746243166,20.14,1011,80,16.58,0,10000,0.0,0,0,0,0,0
1746243758,19.94,1012,81,16.58,0,10000,0.0,0,0,0,0,0
1746247358,19.8,1011,78,15.86,0,10000,0.0,0,0,0,0,0
1746250958,19.21,1011,80,15.68,0,10000,0.0,0,0,0,0,0
1746254558,19.36,1011,80,15.82,0,10000,0.45,128,0,0,0,0
1746258158,19.09,1011,81,15.76,0,10000,2.06,170,0,0,0,0
1746261758,18.85,1011,82,15.71,0,10000,1.54,170,5,3,5,6
1746265358,18.53,1011,84,15.78,0,10000,1.54,170,0,0,0,0
1746268958,19.02,1011,84,16.26,0,10000,2.06,170,0,0,0,1
1746272558,20.07,1012,82,16.9,0,10000,2.06,200,0,0,0,1
1746276158,21.87,1012,76,17.45,0,10000,3.09,220,0,0,0,1
1746279758,23.21,1012,73,18.1,0,10000,5.14,210,0,0,0,1
1746283358,23.95,1012,69,17.92,0,10000,2.57,230,0,0,0,1
1746286958,25.51,1013,64,18.2,40,10000,3.6,240,2,1,2,5
1746290558,26.74,1012,61,18.6,40,10000,4.12,190,2,1,2,5
1746294158,28.24,1012,55,18.34,40,10000,4.63,170,2,1,2,5
1746297758,28.25,1011,53,17.76,40,10000,5.14,210,2,1,2,5
1746301358,28.76,1010,52,17.93,75,10000,4.12,170,3,1,3,2
1746304958,28.68,1010,53,18.16,75,10000,5.66,200,3,1,3,2
1746308558,28.14,1009,54,17.96,40,10000,4.12,170,2,1,2,5
1746312158,23.22,1011,61,15.29,100,10000,2.57,30,1,1,1,2
1746315758,21.33,1010,89,19.44,100,8047,0.0,0,1,1,1,2
1746319358,20.41,1010,91,18.89,100,8047,1.54,150,1,1,1,4
1746322958,20.35,1011,88,18.3,100,10000,5.14,320,1,1,1,4
1746326558,19.36,1012,88,17.32,75,10000,2.06,40,3,1,3,4
1746330158,19.41,1011,88,17.37,75,10000,3.09,100,3,1,3,4
1746333758,18.51,1011,93,17.36,75,10000,2.06,30,7,4,7,9
1746337358,18.17,1010,94,17.19,100,10000,2.06,20,1,1,1,4
